Date,recipient,in_degree
2018-10,KT18yTsDxUbVrenxZsbFSx6Ai72hRHod9pHV,605
2018-7,KT18yTsDxUbVrenxZsbFSx6Ai72hRHod9pHV,1256
2018-7,tz1hjem5Rpf4KAVbwMLJet75TDb8HjAKnTYk,738
2018-7,tz1RRVLD5LEu8iaoTMGc5L1NiyiEGuSUtAwX,841
2018-8,KT18yTsDxUbVrenxZsbFSx6Ai72hRHod9pHV,846
2018-9,tz1KtGwriE7VuLwT3LwuvU9Nv4wAxP7XZ57d,508
2018-9,KT18yTsDxUbVrenxZsbFSx6Ai72hRHod9pHV,931
2019-10,KT1F1EfPahaN35gi6aCYB93xV5W6HgVEiZuQ,604
2019-10,tz1SiPXX4MYGNJNDsRc7n8hkvUqFzg8xqF9m,761
2019-10,tz1hkzS6pnfnHv9KzX1nbtqXVqUkzcem8FJs,556
2019-11,tz1SiPXX4MYGNJNDsRc7n8hkvUqFzg8xqF9m,2040
2019-11,tz1NcoDFXMAfB26mpBhVrdSHmppyTeccT6Fi,679
2019-11,tz1bDXD6nNSrebqmAnnKKwnX1QdePSMCj4MX,508
2019-11,tz1bDhCGNZLQw1QXgf6MCzo6EtAVSGkqEB11,615
2019-11,tz1hkzS6pnfnHv9KzX1nbtqXVqUkzcem8FJs,829
2019-11,tz1MXjdb684ByEP5qUn5J7EMub7Sr8eBziDe,742
2019-12,tz1hkzS6pnfnHv9KzX1nbtqXVqUkzcem8FJs,842
2019-12,tz1SiPXX4MYGNJNDsRc7n8hkvUqFzg8xqF9m,3362
2019-12,tz1bDXD6nNSrebqmAnnKKwnX1QdePSMCj4MX,989
2019-4,tz1bDXD6nNSrebqmAnnKKwnX1QdePSMCj4MX,611
2019-4,KT1F1EfPahaN35gi6aCYB93xV5W6HgVEiZuQ,558
2019-5,tz1bDXD6nNSrebqmAnnKKwnX1QdePSMCj4MX,631
2019-5,KT1F1EfPahaN35gi6aCYB93xV5W6HgVEiZuQ,756
2019-6,tz1bDXD6nNSrebqmAnnKKwnX1QdePSMCj4MX,558
2019-6,KT1BRudFZEXLYANgmZTka1xCDN5nWTMWY7SZ,2669
2019-6,KT1F1EfPahaN35gi6aCYB93xV5W6HgVEiZuQ,778
2019-7,KT1F1EfPahaN35gi6aCYB93xV5W6HgVEiZuQ,781
2019-7,tz1bDXD6nNSrebqmAnnKKwnX1QdePSMCj4MX,517
2019-7,KT1BRudFZEXLYANgmZTka1xCDN5nWTMWY7SZ,1637
2019-8,KT1F1EfPahaN35gi6aCYB93xV5W6HgVEiZuQ,750
2019-8,tz1Z7eWGw18LqUgRqmDqNZFQx7f8GEHXRfT8,724
2019-8,tz1NcoDFXMAfB26mpBhVrdSHmppyTeccT6Fi,580
2019-9,tz1SiPXX4MYGNJNDsRc7n8hkvUqFzg8xqF9m,971
2019-9,KT1F1EfPahaN35gi6aCYB93xV5W6HgVEiZuQ,716
2019-9,tz1Z7eWGw18LqUgRqmDqNZFQx7f8GEHXRfT8,550
2020-1,tz1SiPXX4MYGNJNDsRc7n8hkvUqFzg8xqF9m,2123
2020-1,tz1NcoDFXMAfB26mpBhVrdSHmppyTeccT6Fi,1397
2020-1,tz1gNjyzyT8L6WgNS4AdNMppsSFw76J4aDvT,1583
2020-1,tz1Z7eWGw18LqUgRqmDqNZFQx7f8GEHXRfT8,606
2020-1,tz1Vs2z88hHRnFLss81M7dXHnbwhZNMDrSgD,1507
2020-1,tz1bDXD6nNSrebqmAnnKKwnX1QdePSMCj4MX,667
2020-1,tz1hkzS6pnfnHv9KzX1nbtqXVqUkzcem8FJs,866
2020-1,tz1bDhCGNZLQw1QXgf6MCzo6EtAVSGkqEB11,849
2020-1,tz1e4N6UZzrjoxKbsJoLnxuBy6DfZu4voiTV,1283
2020-10,tz1WyndeaAx36WExobV9hBknyoCn89D3HVWT,655
2020-10,tz1gNjyzyT8L6WgNS4AdNMppsSFw76J4aDvT,727
2020-10,tz1bDXD6nNSrebqmAnnKKwnX1QdePSMCj4MX,1332
2020-10,tz1SiPXX4MYGNJNDsRc7n8hkvUqFzg8xqF9m,3635
2020-10,tz1hkzS6pnfnHv9KzX1nbtqXVqUkzcem8FJs,1139
2020-10,tz1aQWeRw2MJpvvurJb78nwSpK8nvNg6EoCc,1401
2020-10,tz1LnHsA2wpn7guf8b7xzX2i5zNKRQoRQVgJ,792
2020-10,tz1Vs2z88hHRnFLss81M7dXHnbwhZNMDrSgD,710
2020-10,tz1NcoDFXMAfB26mpBhVrdSHmppyTeccT6Fi,517
2020-10,tz1gyfD1qFJtBXzq6phZJfeZwXRGVk6U5WBb,651
2020-11,tz1aQWeRw2MJpvvurJb78nwSpK8nvNg6EoCc,1869
2020-11,tz1bDXD6nNSrebqmAnnKKwnX1QdePSMCj4MX,1413
2020-11,tz1SiPXX4MYGNJNDsRc7n8hkvUqFzg8xqF9m,4241
2020-11,tz1Vs2z88hHRnFLss81M7dXHnbwhZNMDrSgD,802
2020-11,tz1hkzS6pnfnHv9KzX1nbtqXVqUkzcem8FJs,1372
2020-11,tz1WyndeaAx36WExobV9hBknyoCn89D3HVWT,629
2020-11,tz1LnHsA2wpn7guf8b7xzX2i5zNKRQoRQVgJ,1136
2020-11,tz1MXjdb684ByEP5qUn5J7EMub7Sr8eBziDe,525
2020-11,tz1egoxWxfhwm94YrK5nB5BdyBjnEVm2kSzx,500
2020-12,tz1ch7nvDDAchbAPfTio3yBsdvN1SZJZj1wY,529
2020-12,tz1aQWeRw2MJpvvurJb78nwSpK8nvNg6EoCc,1944
2020-12,tz1LnHsA2wpn7guf8b7xzX2i5zNKRQoRQVgJ,859
2020-12,tz1bDXD6nNSrebqmAnnKKwnX1QdePSMCj4MX,1401
2020-12,tz1hjem5Rpf4KAVbwMLJet75TDb8HjAKnTYk,664
2020-12,tz1Vs2z88hHRnFLss81M7dXHnbwhZNMDrSgD,714
2020-12,tz1SiPXX4MYGNJNDsRc7n8hkvUqFzg8xqF9m,5318
2020-12,tz1hkzS6pnfnHv9KzX1nbtqXVqUkzcem8FJs,1395
2020-12,tz1gNjyzyT8L6WgNS4AdNMppsSFw76J4aDvT,829
2020-2,tz1Z7eWGw18LqUgRqmDqNZFQx7f8GEHXRfT8,1207
2020-2,tz1beukUpZiLQPfvo8ffnUs1CAhktUApzsFc,730
2020-2,tz1gNjyzyT8L6WgNS4AdNMppsSFw76J4aDvT,1077
2020-2,tz1bDhCGNZLQw1QXgf6MCzo6EtAVSGkqEB11,1208
2020-2,tz1NcoDFXMAfB26mpBhVrdSHmppyTeccT6Fi,1624
2020-2,tz1Vs2z88hHRnFLss81M7dXHnbwhZNMDrSgD,1430
2020-2,tz1bDXD6nNSrebqmAnnKKwnX1QdePSMCj4MX,1713
2020-2,tz1LnHsA2wpn7guf8b7xzX2i5zNKRQoRQVgJ,1401
2020-2,tz1VMPsrjcLKeiY346FR58W3Lum5b69YCu3F,660
2020-2,tz1ektsmnpLKo2G5cThCeMBJuZP6nAMVM8N6,685
2020-2,tz1MXjdb684ByEP5qUn5J7EMub7Sr8eBziDe,1322
2020-2,tz1e4N6UZzrjoxKbsJoLnxuBy6DfZu4voiTV,1905
2020-2,tz1SiPXX4MYGNJNDsRc7n8hkvUqFzg8xqF9m,5232
2020-2,tz1R6yvgoDTo8fsDsNqJmwakXHQAJrXxERAf,583
2020-2,tz1hkzS6pnfnHv9KzX1nbtqXVqUkzcem8FJs,1106
2020-3,tz1beukUpZiLQPfvo8ffnUs1CAhktUApzsFc,781
2020-3,tz1Z7eWGw18LqUgRqmDqNZFQx7f8GEHXRfT8,937
2020-3,tz1hkzS6pnfnHv9KzX1nbtqXVqUkzcem8FJs,916
2020-3,tz1LnHsA2wpn7guf8b7xzX2i5zNKRQoRQVgJ,1082
2020-3,tz1SiPXX4MYGNJNDsRc7n8hkvUqFzg8xqF9m,3818
2020-3,tz1MXjdb684ByEP5qUn5J7EMub7Sr8eBziDe,1187
2020-3,tz1bDXD6nNSrebqmAnnKKwnX1QdePSMCj4MX,1222
2020-3,tz1Vs2z88hHRnFLss81M7dXHnbwhZNMDrSgD,1067
2020-3,tz1bDhCGNZLQw1QXgf6MCzo6EtAVSGkqEB11,1090
2020-3,tz1NcoDFXMAfB26mpBhVrdSHmppyTeccT6Fi,1190
2020-3,tz1gNjyzyT8L6WgNS4AdNMppsSFw76J4aDvT,996
2020-3,tz1e4N6UZzrjoxKbsJoLnxuBy6DfZu4voiTV,951
2020-4,tz1bDXD6nNSrebqmAnnKKwnX1QdePSMCj4MX,1130
2020-4,tz1VMPsrjcLKeiY346FR58W3Lum5b69YCu3F,517
2020-4,tz1gNjyzyT8L6WgNS4AdNMppsSFw76J4aDvT,675
2020-4,tz1NcoDFXMAfB26mpBhVrdSHmppyTeccT6Fi,1082
2020-4,tz1ektsmnpLKo2G5cThCeMBJuZP6nAMVM8N6,619
2020-4,tz1MXjdb684ByEP5qUn5J7EMub7Sr8eBziDe,1104
2020-4,tz1LnHsA2wpn7guf8b7xzX2i5zNKRQoRQVgJ,796
2020-4,tz1MMJcuTXL6xh4tZT5rGsbzaawCyQUhpxBr,529
2020-4,tz1Vs2z88hHRnFLss81M7dXHnbwhZNMDrSgD,1264
2020-4,tz1Z7eWGw18LqUgRqmDqNZFQx7f8GEHXRfT8,1586
2020-4,tz1SiPXX4MYGNJNDsRc7n8hkvUqFzg8xqF9m,4110
2020-4,tz1e4N6UZzrjoxKbsJoLnxuBy6DfZu4voiTV,649
2020-4,tz1WyndeaAx36WExobV9hBknyoCn89D3HVWT,569
2020-4,tz1hkzS6pnfnHv9KzX1nbtqXVqUkzcem8FJs,1034
2020-4,tz1aQWeRw2MJpvvurJb78nwSpK8nvNg6EoCc,778
2020-4,tz1bDhCGNZLQw1QXgf6MCzo6EtAVSGkqEB11,1263
2020-4,tz1beukUpZiLQPfvo8ffnUs1CAhktUApzsFc,506
2020-5,tz1beukUpZiLQPfvo8ffnUs1CAhktUApzsFc,520
2020-5,tz1gNjyzyT8L6WgNS4AdNMppsSFw76J4aDvT,749
2020-5,tz1LnHsA2wpn7guf8b7xzX2i5zNKRQoRQVgJ,1259
2020-5,tz1bDhCGNZLQw1QXgf6MCzo6EtAVSGkqEB11,1309
2020-5,tz1SiPXX4MYGNJNDsRc7n8hkvUqFzg8xqF9m,4259
2020-5,tz1Vs2z88hHRnFLss81M7dXHnbwhZNMDrSgD,1010
2020-5,tz1WyndeaAx36WExobV9hBknyoCn89D3HVWT,1151
2020-5,tz1aQWeRw2MJpvvurJb78nwSpK8nvNg6EoCc,1225
2020-5,tz1bDXD6nNSrebqmAnnKKwnX1QdePSMCj4MX,1108
2020-5,tz1VMPsrjcLKeiY346FR58W3Lum5b69YCu3F,672
2020-5,tz1ch7nvDDAchbAPfTio3yBsdvN1SZJZj1wY,649
2020-5,tz1hkzS6pnfnHv9KzX1nbtqXVqUkzcem8FJs,987
2020-5,tz1MXjdb684ByEP5qUn5J7EMub7Sr8eBziDe,884
2020-5,tz1ektsmnpLKo2G5cThCeMBJuZP6nAMVM8N6,725
2020-5,tz1Z7eWGw18LqUgRqmDqNZFQx7f8GEHXRfT8,1586
2020-5,tz1NcoDFXMAfB26mpBhVrdSHmppyTeccT6Fi,1968
2020-5,tz1e4N6UZzrjoxKbsJoLnxuBy6DfZu4voiTV,1101
2020-6,tz1bDXD6nNSrebqmAnnKKwnX1QdePSMCj4MX,1200
2020-6,tz1NcoDFXMAfB26mpBhVrdSHmppyTeccT6Fi,1527
2020-6,tz1aQWeRw2MJpvvurJb78nwSpK8nvNg6EoCc,1565
2020-6,tz1gNjyzyT8L6WgNS4AdNMppsSFw76J4aDvT,1365
2020-6,tz1MXjdb684ByEP5qUn5J7EMub7Sr8eBziDe,1368
2020-6,tz1ch7nvDDAchbAPfTio3yBsdvN1SZJZj1wY,735
2020-6,tz1hkzS6pnfnHv9KzX1nbtqXVqUkzcem8FJs,998
2020-6,tz1Vs2z88hHRnFLss81M7dXHnbwhZNMDrSgD,1153
2020-6,tz1iNNBDgK53MYRwnZae6zsRg73nqBGMcWEN,696
2020-6,tz1beukUpZiLQPfvo8ffnUs1CAhktUApzsFc,655
2020-6,tz1VMPsrjcLKeiY346FR58W3Lum5b69YCu3F,652
2020-6,tz1Z7eWGw18LqUgRqmDqNZFQx7f8GEHXRfT8,1522
2020-6,tz1LnHsA2wpn7guf8b7xzX2i5zNKRQoRQVgJ,951
2020-6,tz1WyndeaAx36WExobV9hBknyoCn89D3HVWT,1490
2020-6,tz1SiPXX4MYGNJNDsRc7n8hkvUqFzg8xqF9m,3519
2020-7,tz1ch7nvDDAchbAPfTio3yBsdvN1SZJZj1wY,760
2020-7,tz1Z7eWGw18LqUgRqmDqNZFQx7f8GEHXRfT8,796
2020-7,tz1aQWeRw2MJpvvurJb78nwSpK8nvNg6EoCc,2694
2020-7,tz1bDhCGNZLQw1QXgf6MCzo6EtAVSGkqEB11,545
2020-7,tz1bDXD6nNSrebqmAnnKKwnX1QdePSMCj4MX,1411
2020-7,tz1e4N6UZzrjoxKbsJoLnxuBy6DfZu4voiTV,823
2020-7,tz1LnHsA2wpn7guf8b7xzX2i5zNKRQoRQVgJ,1265
2020-7,tz1SiPXX4MYGNJNDsRc7n8hkvUqFzg8xqF9m,5800
2020-7,tz1dD2rBsYYLnsZtijtGqT4tynCEVaEJ6DeL,522
2020-7,tz1hkzS6pnfnHv9KzX1nbtqXVqUkzcem8FJs,1044
2020-7,tz1MMJcuTXL6xh4tZT5rGsbzaawCyQUhpxBr,1004
2020-7,tz1VMPsrjcLKeiY346FR58W3Lum5b69YCu3F,1072
2020-7,tz1WyndeaAx36WExobV9hBknyoCn89D3HVWT,1315
2020-7,tz1NcoDFXMAfB26mpBhVrdSHmppyTeccT6Fi,780
2020-7,tz1er6YkQ5F7Vu8TcF5LLnNK4y5Bt5eQNQ1Z,594
2020-7,tz1Vs2z88hHRnFLss81M7dXHnbwhZNMDrSgD,946
2020-7,tz1beukUpZiLQPfvo8ffnUs1CAhktUApzsFc,679
2020-8,tz1hkzS6pnfnHv9KzX1nbtqXVqUkzcem8FJs,1395
2020-8,tz1Vs2z88hHRnFLss81M7dXHnbwhZNMDrSgD,1043
2020-8,tz1MRssJTFokjJ4WHAY63wFTufQ8qpxZJtvU,865
2020-8,tz1MqUjLpkCXMXMqg5A7KNWYaL98Ysm8qnZ9,1418
2020-8,tz1WyndeaAx36WExobV9hBknyoCn89D3HVWT,1463
2020-8,tz1dD2rBsYYLnsZtijtGqT4tynCEVaEJ6DeL,550
2020-8,tz1gNjyzyT8L6WgNS4AdNMppsSFw76J4aDvT,1401
2020-8,tz1VMPsrjcLKeiY346FR58W3Lum5b69YCu3F,1162
2020-8,tz1cYfMsbsGhxPqDovmaQHDByTeqiRTygEpc,934
2020-8,tz1ektsmnpLKo2G5cThCeMBJuZP6nAMVM8N6,502
2020-8,tz1MXjdb684ByEP5qUn5J7EMub7Sr8eBziDe,732
2020-8,tz1LnHsA2wpn7guf8b7xzX2i5zNKRQoRQVgJ,1055
2020-8,tz1ch7nvDDAchbAPfTio3yBsdvN1SZJZj1wY,786
2020-8,tz1SiPXX4MYGNJNDsRc7n8hkvUqFzg8xqF9m,7641
2020-8,tz1NcoDFXMAfB26mpBhVrdSHmppyTeccT6Fi,683
2020-8,tz1bDXD6nNSrebqmAnnKKwnX1QdePSMCj4MX,1952
2020-8,tz1beukUpZiLQPfvo8ffnUs1CAhktUApzsFc,2219
2020-9,tz1SXYozdnNU8SiwTYxucbPZasg8fgQqvtDf,1105
2020-9,tz1Qf4qkpx6ArUCzCwwPwgVvU65RTLGDEskT,534
2020-9,tz1VMPsrjcLKeiY346FR58W3Lum5b69YCu3F,526
2020-9,tz1hkzS6pnfnHv9KzX1nbtqXVqUkzcem8FJs,1206
2020-9,tz1bDXD6nNSrebqmAnnKKwnX1QdePSMCj4MX,1549
2020-9,tz1hoUB13E23rWeBda9cMdLmT4nscpmTvWAy,602
2020-9,tz1f1oaPMonYjwvKHoUUg9FnHny3CNL4PZfD,776
2020-9,tz1gNjyzyT8L6WgNS4AdNMppsSFw76J4aDvT,811
2020-9,tz1LnHsA2wpn7guf8b7xzX2i5zNKRQoRQVgJ,757
2020-9,tz1Vs2z88hHRnFLss81M7dXHnbwhZNMDrSgD,766
2020-9,tz1WyndeaAx36WExobV9hBknyoCn89D3HVWT,928
2020-9,tz1SiPXX4MYGNJNDsRc7n8hkvUqFzg8xqF9m,4604
2020-9,tz1beukUpZiLQPfvo8ffnUs1CAhktUApzsFc,1143
2021-1,tz1dD2rBsYYLnsZtijtGqT4tynCEVaEJ6DeL,549
2021-1,tz1hkzS6pnfnHv9KzX1nbtqXVqUkzcem8FJs,1551
2021-1,tz1Vs2z88hHRnFLss81M7dXHnbwhZNMDrSgD,1212
2021-1,tz1LnHsA2wpn7guf8b7xzX2i5zNKRQoRQVgJ,1251
2021-1,tz1MXjdb684ByEP5qUn5J7EMub7Sr8eBziDe,697
2021-1,tz1SiPXX4MYGNJNDsRc7n8hkvUqFzg8xqF9m,9341
2021-1,tz1bDXD6nNSrebqmAnnKKwnX1QdePSMCj4MX,2492
2021-1,tz1ch7nvDDAchbAPfTio3yBsdvN1SZJZj1wY,1148
2021-1,tz1SGrdsM2EDo7juLo1U3vg2FoMekpkpDJLX,710
2021-1,tz1WyndeaAx36WExobV9hBknyoCn89D3HVWT,973
2021-1,tz1aQWeRw2MJpvvurJb78nwSpK8nvNg6EoCc,2469
2021-1,tz1gNjyzyT8L6WgNS4AdNMppsSFw76J4aDvT,1120
2021-10,KT1KnuE87q1EKjPozJ5sRAjQA24FPsP57CE3,1216
2021-10,KT1TR4qabnDU6aAUym6nauSGaRwJpoKU3efP,1608
2021-10,KT1M81KrJr6TxYLkZkVqcpSTNKGoya8XytWT,2321
2021-10,KT1XTxpQvo7oRCqp85LikEZgAZ22uDxhbWJv,693
2021-10,KT1QxLqukyfohPV5kPkw97Rs6cw1DDDvYgbB,958
2021-10,KT19JYndHaesXpvUfiwgg8BtE41HKkjjGMRC,661
2021-10,KT1XPFjZqCULSnqfKaaYy8hJjeY63UNSGwXg,554
2021-10,KT1X3zxdTzPB9DgVzA3ad6dgZe9JEamoaeRy,1425
2021-10,KT1XXAavg3tTj12W1ADvd3EEnm1pu6XTmiEF,714
2021-10,KT1FFE2LC5JpVakVjHm5mM36QVp2p3ZzH4hH,651
2021-10,KT1C9gJRfkpPbNdBn3XyYbrUHT6XgfPzZqXP,717
2021-10,KT1KJhxkCpZNwAFQURDoJ79hGqQgSC9UaWpG,872
2021-10,tz1aJ34EpQnBV3gwPwFbSs2TB6WbdbFTzto8,1381
2021-10,KT1TnTr6b2YxSx2xUQ8Vz3MoWy771ta66yGx,1476
2021-10,KT1EpGgjQs73QfFJs9z7m1Mxm5MTnpC2tqse,2180
2021-10,KT1UMAE2PBskeQayP5f2ZbGiVYF7h8bZ2gyp,533
2021-10,KT1LzyPS8rN375tC31WPAVHaQ4HyBvTSLwBu,708
2021-10,KT1WxgZ1ZSfMgmsSDDcUn8Xn577HwnQ7e1Lb,828
2021-10,tz1YUigABASqRUWAG97qHfHwYkYEGDk9q2Qv,922
2021-10,KT1Xobej4mc6XgEjDoJoHtTKgbD1ELMvcQuL,502
2021-10,tz1ch7nvDDAchbAPfTio3yBsdvN1SZJZj1wY,609
2021-10,KT1LRboPna9yQY9BrjtQYDS1DVxhKESK4VVd,610
2021-10,KT1AFA2mwNUMNd4SsujE1YYp29vd8BZejyKW,759
2021-10,tz1Z7eWGw18LqUgRqmDqNZFQx7f8GEHXRfT8,992
2021-10,tz1c2yBQNrofzKvKLouC9TqHELSnh64fm8dn,1076
2021-10,KT1Kp3KVT4nHFmSuL8bvETkgQzseUYP3LDBy,779
2021-10,KT1J3wTYb4xk5BsSBkg6ML55bX1xq7desS34,678
2021-10,KT1Hkg5qeNhfwpKW4fXvq7HGZB9z2EnmCCA9,14575
2021-10,KT1K9gCRgaLRFKTErYt1wVxA3Frb9FjasjTV,1045
2021-10,tz1bAjg8KhBjzRMuPbdLfC4EvETmdsuruynm,2303
2021-10,tz1NcoDFXMAfB26mpBhVrdSHmppyTeccT6Fi,1021
2021-10,KT1PuPNtDFLR6U7e7vDuxunDoKasVT6kMSkz,650
2021-10,KT1Gdix8LoDoQng7YqdPNhdP5V7JRX8FqWvM,1098
2021-10,KT191reDVKrLxU9rjTSxg53wRqj6zh8pnHgr,1646
2021-10,tz1VeaJWkdr2m5YaKFgeAafenhHhDcMxWfHC,593
2021-10,tz1bDhCGNZLQw1QXgf6MCzo6EtAVSGkqEB11,1063
2021-10,KT1GRSvLoikDsXujKgZPsGLX8k8VvR2Tq95b,3549
2021-10,KT1A5P4ejnLix13jtadsfV9GCnXLMNnab8UT,954
2021-10,KT1LHHLso8zQWQWg1HUukajdxxbkGfNoHjh6,532
2021-10,tz1MXjdb684ByEP5qUn5J7EMub7Sr8eBziDe,703
2021-10,KT1VCrmywPNf8ZHH95HKHvYA4bBQJPa8g2sr,521
2021-10,KT1CNHwTyjFrKnCstRoMftyFVwoNzF6Xxhpy,704
2021-10,tz1e4N6UZzrjoxKbsJoLnxuBy6DfZu4voiTV,1719
2021-10,KT1BHCumksALJQJ8q8to2EPigPW6qpyTr7Ng,754
2021-10,tz1hkzS6pnfnHv9KzX1nbtqXVqUkzcem8FJs,1426
2021-10,KT1HbQepzV1nVGg8QVznG7z4RcHseD5kwqBn,28688
2021-10,tz1hjem5Rpf4KAVbwMLJet75TDb8HjAKnTYk,632
2021-10,KT1CExkW5WoKqoiv5An6uaZzN6i2Q3mxcqpW,1625
2021-10,KT1U2hs5eNdeCpHouAvQXGMzGFGJowbhjqmo,540
2021-10,KT18fp5rcTW7mbWDmzFwjLDUhs5MeJmagDSZ,1949
2021-10,KT1D9PA7tvuCe9XnDskd2F67XwdrT4ueqjGe,1732
2021-10,tz1egoxWxfhwm94YrK5nB5BdyBjnEVm2kSzx,1447
2021-10,tz1SiPXX4MYGNJNDsRc7n8hkvUqFzg8xqF9m,6500
2021-10,KT1RRgK6eXvCWCiEGWhRZCSVGzhDzwXEEjS4,871
2021-10,KT1P8n2qzJjwMPbHJfi4o8xu6Pe3gaU3u2A3,1741
2021-10,KT193D4vozYnhGJQVtw7CoxxqphqUEEwK6Vb,1516
2021-10,KT1LN4LPSqTMS7Sd2CJw4bbDGRkMv2t68Fy9,931
2021-10,tz1Vs2z88hHRnFLss81M7dXHnbwhZNMDrSgD,1498
2021-10,KT1X1LgNkQShpF9nRLYw3Dgdy4qp38MX617z,2634
2021-10,tz1gNjyzyT8L6WgNS4AdNMppsSFw76J4aDvT,1573
2021-10,KT1QqjR4Fj9YegB37PQEqXUPHmFbhz6VJtwE,821
2021-10,KT1MsdyBSAMQwzvDH4jt2mxUKJvBSWZuPoRJ,2727
2021-10,KT1SMGUbj1J2HdCQicgFj9GXJFY4VisZJegm,1197
2021-10,KT1MfMMsYX34Q9cEaPtk4qkQ6pojA7D2nsgr,637
2021-10,KT1LdX5pUkZZGwYPePcAFSpETbqfbGCwJpfw,640
2021-10,KT1AvxTNETj3U4b3wKYxkX6CKya1EgLZezv8,2727
2021-10,KT1RJ6PbjHpwc3M5rw5s2Nbmefwbuwbdxton,22981
2021-10,KT1My1wDZHDGweCrJnQJi3wcFaS67iksirvj,10868
2021-10,KT1JQAZqShNMakSNXc2cgTzdAWZFemGcU6n1,1000
2021-10,KT1XjcRq5MLAzMKQ3UHsrue2SeU2NbxUrzmU,3630
2021-10,KT1TwzD6zV3WeJ39ukuqxcfK2fJCnhvrdN1X,2131
2021-10,tz1LnHsA2wpn7guf8b7xzX2i5zNKRQoRQVgJ,1474
2021-10,tz1RJ22t6dgQJNUeL3EMVi9WtK1oksav8ND2,671
2021-10,tz1WyndeaAx36WExobV9hBknyoCn89D3HVWT,1366
2021-10,KT1QMAN7pWrR7fdiiMZ8mtVMMeFw2nADcVAH,3309
2021-10,KT1GWnsoFZVHGh7roXEER3qeCcgJgrXT3de2,557
2021-10,KT1L9H8STEZjS4iPVmht2qG8xyUqXjt4EfEF,547
2021-10,KT1SyPgtiXTaEfBuMZKviWGNHqVrBBEjvtfQ,1606
2021-10,KT1XRPEPXbZK25r3Htzp2o1x7xdMMmfocKNW,651
2021-10,tz1SGrdsM2EDo7juLo1U3vg2FoMekpkpDJLX,3465
2021-10,KT1PxkrCckgh5fA5v2cZEE2bX5q2RV1rv8dj,2136
2021-10,tz1bDXD6nNSrebqmAnnKKwnX1QdePSMCj4MX,1945
2021-10,KT1K4EwTpbvYN9agJdjpyJm4ZZdhpUNKB3F6,1047
2021-10,KT1KY2x1XrWykYd2dbBNXfE6tVUU3eYNB4wo,1019
2021-10,KT1SjXiUX63QvdNMcM2m492f7kuf8JxXRLp4,757
2021-10,KT1WGDVRnff4rmGzJUbdCRAJBmYt12BrPzdD,4423
2021-10,KT1FsMiweyRTog9GGNC22hiMTFVRPrGs3eto,617
2021-10,KT1FvqJwEDWb1Gwc55Jd1jjTHRVWbYKUUpyq,9111
2021-11,KT1HbQepzV1nVGg8QVznG7z4RcHseD5kwqBn,25717
2021-11,KT1Aq4wWmVanpQhq4TTfjZXB5AjFpx15iQMM,3111
2021-11,KT1GBZmSxmnKJXGMdMLbugPfLyUPmuLSMwKS,746
2021-11,KT1My1wDZHDGweCrJnQJi3wcFaS67iksirvj,8023
2021-11,KT1AFA2mwNUMNd4SsujE1YYp29vd8BZejyKW,1160
2021-11,KT1JQAZqShNMakSNXc2cgTzdAWZFemGcU6n1,505
2021-11,KT1GRSvLoikDsXujKgZPsGLX8k8VvR2Tq95b,2459
2021-11,KT1P8n2qzJjwMPbHJfi4o8xu6Pe3gaU3u2A3,5798
2021-11,KT1ErKVqEhG9jxXgUG2KGLW3bNM7zXHX8SDF,532
2021-11,KT1TwzD6zV3WeJ39ukuqxcfK2fJCnhvrdN1X,1529
2021-11,KT1KnuE87q1EKjPozJ5sRAjQA24FPsP57CE3,999
2021-11,tz1aJ34EpQnBV3gwPwFbSs2TB6WbdbFTzto8,1055
2021-11,KT1LzyPS8rN375tC31WPAVHaQ4HyBvTSLwBu,849
2021-11,KT1FFE2LC5JpVakVjHm5mM36QVp2p3ZzH4hH,627
2021-11,KT1LN4LPSqTMS7Sd2CJw4bbDGRkMv2t68Fy9,509
2021-11,KT1KY2x1XrWykYd2dbBNXfE6tVUU3eYNB4wo,678
2021-11,tz1Vs2z88hHRnFLss81M7dXHnbwhZNMDrSgD,1516
2021-11,KT1Xobej4mc6XgEjDoJoHtTKgbD1ELMvcQuL,507
2021-11,KT1MfMMsYX34Q9cEaPtk4qkQ6pojA7D2nsgr,658
2021-11,tz1egoxWxfhwm94YrK5nB5BdyBjnEVm2kSzx,805
2021-11,KT1K4EwTpbvYN9agJdjpyJm4ZZdhpUNKB3F6,719
2021-11,tz1gNjyzyT8L6WgNS4AdNMppsSFw76J4aDvT,1125
2021-11,KT193D4vozYnhGJQVtw7CoxxqphqUEEwK6Vb,902
2021-11,KT1AvxTNETj3U4b3wKYxkX6CKya1EgLZezv8,3712
2021-11,KT1TR4qabnDU6aAUym6nauSGaRwJpoKU3efP,1118
2021-11,KT191reDVKrLxU9rjTSxg53wRqj6zh8pnHgr,5608
2021-11,KT1C9gJRfkpPbNdBn3XyYbrUHT6XgfPzZqXP,603
2021-11,KT1M81KrJr6TxYLkZkVqcpSTNKGoya8XytWT,4446
2021-11,KT1MsdyBSAMQwzvDH4jt2mxUKJvBSWZuPoRJ,966
2021-11,tz1bDhCGNZLQw1QXgf6MCzo6EtAVSGkqEB11,627
2021-11,tz1YUigABASqRUWAG97qHfHwYkYEGDk9q2Qv,2342
2021-11,KT1FvqJwEDWb1Gwc55Jd1jjTHRVWbYKUUpyq,15681
2021-11,tz1hkzS6pnfnHv9KzX1nbtqXVqUkzcem8FJs,1347
2021-11,KT1D9PA7tvuCe9XnDskd2F67XwdrT4ueqjGe,1027
2021-11,KT1Ezht4PDKZri7aVppVGT4Jkw39sesaFnww,1779
2021-11,KT1AEVuykWeuuFX7QkEAMNtffzwhe1Z98hJS,4164
2021-11,tz1SiPXX4MYGNJNDsRc7n8hkvUqFzg8xqF9m,6741
2021-11,KT18fp5rcTW7mbWDmzFwjLDUhs5MeJmagDSZ,1253
2021-11,tz1hjem5Rpf4KAVbwMLJet75TDb8HjAKnTYk,753
2021-11,tz1bDXD6nNSrebqmAnnKKwnX1QdePSMCj4MX,853
2021-11,tz1MXjdb684ByEP5qUn5J7EMub7Sr8eBziDe,671
2021-11,KT1Evxe1udtPDGWrkiRsEN3vMDdB6gNpkMPM,501
2021-11,KT1XjcRq5MLAzMKQ3UHsrue2SeU2NbxUrzmU,4945
2021-11,KT1XRPEPXbZK25r3Htzp2o1x7xdMMmfocKNW,550
2021-11,tz1e4N6UZzrjoxKbsJoLnxuBy6DfZu4voiTV,1301
2021-11,KT1Wm4Cegd7wW6MYxEhg6AH5iFX48y65nWvv,523
2021-11,KT1F1mn2jbqQCJcsNgYKVAQjvenecNMY2oPK,1473
2021-11,KT1BHCumksALJQJ8q8to2EPigPW6qpyTr7Ng,613
2021-11,KT1QxLqukyfohPV5kPkw97Rs6cw1DDDvYgbB,1243
2021-11,KT1HZVd9Cjc2CMe3sQvXgbxhpJkdena21pih,3466
2021-11,KT1CXv1uVwnfV5XmEhHpSat7CZsk9rvTqN45,753
2021-11,KT1JTaXMDKxQJ4bDvHGHGz9aoEAvQubC3e29,608
2021-11,KT1X3zxdTzPB9DgVzA3ad6dgZe9JEamoaeRy,847
2021-11,KT1Hkg5qeNhfwpKW4fXvq7HGZB9z2EnmCCA9,11925
2021-11,tz1SGrdsM2EDo7juLo1U3vg2FoMekpkpDJLX,2835
2021-11,tz1WyndeaAx36WExobV9hBknyoCn89D3HVWT,1825
2021-11,KT1SjXiUX63QvdNMcM2m492f7kuf8JxXRLp4,681
2021-11,tz1NcoDFXMAfB26mpBhVrdSHmppyTeccT6Fi,793
2021-11,KT1X1LgNkQShpF9nRLYw3Dgdy4qp38MX617z,1604
2021-11,KT1Xo5B7PNBAeynZPmca4bRh6LQow4og1Zb9,1887
2021-11,KT1WGDVRnff4rmGzJUbdCRAJBmYt12BrPzdD,3151
2021-11,KT1BJ5udeRJy4JsZ7uwYYeZb6GtCGj2aVzpb,1466
2021-11,KT1VK8vevaKZNh68fonidY4792yLyrf5Ct3u,846
2021-11,KT1PxkrCckgh5fA5v2cZEE2bX5q2RV1rv8dj,1184
2021-11,KT1EpGgjQs73QfFJs9z7m1Mxm5MTnpC2tqse,2030
2021-11,KT1TnTr6b2YxSx2xUQ8Vz3MoWy771ta66yGx,5294
2021-11,KT1A5P4ejnLix13jtadsfV9GCnXLMNnab8UT,742
2021-11,tz1YpWsMwc4gSyjtxEF3JbmN6YrGiDidaSmg,619
2021-11,KT1H1MqmUM4aK9i1833EBmYCCEfkbt6ZdSBc,717
2021-11,KT1KEa8z6vWXDJrVqtMrAeDVzsvxat3kHaCE,1617
2021-11,tz1bAjg8KhBjzRMuPbdLfC4EvETmdsuruynm,1297
2021-11,KT1Gdix8LoDoQng7YqdPNhdP5V7JRX8FqWvM,694
2021-11,KT1K9gCRgaLRFKTErYt1wVxA3Frb9FjasjTV,743
2021-11,KT1RJ6PbjHpwc3M5rw5s2Nbmefwbuwbdxton,20272
2021-11,KT1UJ1hVTdiUen7H3zk1CXGC7PbANb57VkS4,650
2021-11,tz1LnHsA2wpn7guf8b7xzX2i5zNKRQoRQVgJ,885
2021-11,tz1Z7eWGw18LqUgRqmDqNZFQx7f8GEHXRfT8,673
2021-12,KT1LpHZdZmYxwKXqCMW1CSL3ttBP5gpevVjv,1082
2021-12,KT1KEa8z6vWXDJrVqtMrAeDVzsvxat3kHaCE,4648
2021-12,KT1Hkg5qeNhfwpKW4fXvq7HGZB9z2EnmCCA9,8674
2021-12,KT1TnTr6b2YxSx2xUQ8Vz3MoWy771ta66yGx,15609
2021-12,KT1HZVd9Cjc2CMe3sQvXgbxhpJkdena21pih,956
2021-12,KT1LzyPS8rN375tC31WPAVHaQ4HyBvTSLwBu,681
2021-12,tz1LnHsA2wpn7guf8b7xzX2i5zNKRQoRQVgJ,1293
2021-12,KT1PSUKkif8KZzSeWdPewWMkx61QBR8VuXsm,509
2021-12,KT1FN2uavvys9LsEFh2rBBck6iKLXifyfJmc,527
2021-12,KT1J1yVJEDkaYzJ7WuEomryEGWBNMGcUw1WA,1324
2021-12,KT1T4LkugXZ1byhaSXJjeAM9hNjtsHwo31gY,597
2021-12,KT1K9gCRgaLRFKTErYt1wVxA3Frb9FjasjTV,1405
2021-12,KT1F1mn2jbqQCJcsNgYKVAQjvenecNMY2oPK,1010
2021-12,KT1Aq4wWmVanpQhq4TTfjZXB5AjFpx15iQMM,3720
2021-12,tz1egoxWxfhwm94YrK5nB5BdyBjnEVm2kSzx,1221
2021-12,KT1SjXiUX63QvdNMcM2m492f7kuf8JxXRLp4,621
2021-12,tz1SGrdsM2EDo7juLo1U3vg2FoMekpkpDJLX,1134
2021-12,KT1Evxe1udtPDGWrkiRsEN3vMDdB6gNpkMPM,1990
2021-12,KT1FzqWEze8d71LDK8yBrK9GhqkHhsDoHB8a,505
2021-12,KT1HbQepzV1nVGg8QVznG7z4RcHseD5kwqBn,22295
2021-12,KT1Xo5B7PNBAeynZPmca4bRh6LQow4og1Zb9,5263
2021-12,KT191reDVKrLxU9rjTSxg53wRqj6zh8pnHgr,15905
2021-12,KT1KnuE87q1EKjPozJ5sRAjQA24FPsP57CE3,741
2021-12,tz1MXjdb684ByEP5qUn5J7EMub7Sr8eBziDe,749
2021-12,KT1X1LgNkQShpF9nRLYw3Dgdy4qp38MX617z,998
2021-12,KT1PNcZQkJXMQ2Mg92HG1kyrcu3auFX5pfd8,2468
2021-12,KT1My1wDZHDGweCrJnQJi3wcFaS67iksirvj,5200
2021-12,KT193D4vozYnhGJQVtw7CoxxqphqUEEwK6Vb,1323
2021-12,tz1WyndeaAx36WExobV9hBknyoCn89D3HVWT,1422
2021-12,KT1FvqJwEDWb1Gwc55Jd1jjTHRVWbYKUUpyq,17864
2021-12,KT1D9PA7tvuCe9XnDskd2F67XwdrT4ueqjGe,1252
2021-12,KT1PxkrCckgh5fA5v2cZEE2bX5q2RV1rv8dj,869
2021-12,KT1Gdix8LoDoQng7YqdPNhdP5V7JRX8FqWvM,522
2021-12,tz1bDXD6nNSrebqmAnnKKwnX1QdePSMCj4MX,1168
2021-12,KT18pVpRXKPY2c4U2yFEGSH3ZnhB2kL8kwXS,3131
2021-12,KT1Dn3sambs7KZGW88hH2obZeSzfmCmGvpFo,578
2021-12,KT1ErKVqEhG9jxXgUG2KGLW3bNM7zXHX8SDF,519
2021-12,KT1BJ5udeRJy4JsZ7uwYYeZb6GtCGj2aVzpb,1094
2021-12,KT1TwzD6zV3WeJ39ukuqxcfK2fJCnhvrdN1X,1436
2021-12,tz1gNjyzyT8L6WgNS4AdNMppsSFw76J4aDvT,711
2021-12,KT1RJ6PbjHpwc3M5rw5s2Nbmefwbuwbdxton,18069
2021-12,KT1Ezht4PDKZri7aVppVGT4Jkw39sesaFnww,3150
2021-12,KT1X3zxdTzPB9DgVzA3ad6dgZe9JEamoaeRy,987
2021-12,tz1bAjg8KhBjzRMuPbdLfC4EvETmdsuruynm,1119
2021-12,tz1hjem5Rpf4KAVbwMLJet75TDb8HjAKnTYk,1353
2021-12,KT1QHLk1EMUA8BPH3FvRUeUmbTspmAhb7kpd,1520
2021-12,KT1LN4LPSqTMS7Sd2CJw4bbDGRkMv2t68Fy9,998
2021-12,tz1YUigABASqRUWAG97qHfHwYkYEGDk9q2Qv,1875
2021-12,tz1SiPXX4MYGNJNDsRc7n8hkvUqFzg8xqF9m,2892
2021-12,tz1NcoDFXMAfB26mpBhVrdSHmppyTeccT6Fi,558
2021-12,KT1M81KrJr6TxYLkZkVqcpSTNKGoya8XytWT,5285
2021-12,tz1LsAcLRzepbFiqSJdXKimJFu1zwJfxvg37,762
2021-12,tz1Vs2z88hHRnFLss81M7dXHnbwhZNMDrSgD,1333
2021-12,tz1Z7eWGw18LqUgRqmDqNZFQx7f8GEHXRfT8,697
2021-12,KT1WxgZ1ZSfMgmsSDDcUn8Xn577HwnQ7e1Lb,993
2021-12,KT1AEVuykWeuuFX7QkEAMNtffzwhe1Z98hJS,7578
2021-12,KT1EpGgjQs73QfFJs9z7m1Mxm5MTnpC2tqse,1708
2021-12,KT198mqFKkiWerXLmMCw69YB1i6yzYtmGVrC,2897
2021-12,KT1FReMp4U1KipyH53xXUnnjtdRQZaLnQpUj,591
2021-12,KT1GBZmSxmnKJXGMdMLbugPfLyUPmuLSMwKS,2360
2021-12,KT1FFE2LC5JpVakVjHm5mM36QVp2p3ZzH4hH,627
2021-12,KT1LztSL29UUMB8r3czZQSL5swfvzA6Q44gg,601
2021-12,KT1J9VpjiH5cmcsskNb8gEXpBtjD4zrAx4Vo,1369
2021-12,KT1WGDVRnff4rmGzJUbdCRAJBmYt12BrPzdD,1874
2021-12,KT1P8n2qzJjwMPbHJfi4o8xu6Pe3gaU3u2A3,16188
2021-12,KT18fp5rcTW7mbWDmzFwjLDUhs5MeJmagDSZ,1002
2021-12,KT1GRSvLoikDsXujKgZPsGLX8k8VvR2Tq95b,1690
2021-12,tz1hkzS6pnfnHv9KzX1nbtqXVqUkzcem8FJs,1235
2021-12,tz1e4N6UZzrjoxKbsJoLnxuBy6DfZu4voiTV,927
2021-12,KT1EVYBj3f1rZHNeUtq4ZvVxPTs77wuHwARU,541
2021-12,KT1TR4qabnDU6aAUym6nauSGaRwJpoKU3efP,1026
2021-12,KT1XjcRq5MLAzMKQ3UHsrue2SeU2NbxUrzmU,4486
2021-12,tz1bDhCGNZLQw1QXgf6MCzo6EtAVSGkqEB11,516
2021-12,tz1VeaJWkdr2m5YaKFgeAafenhHhDcMxWfHC,522
2021-12,KT1K4EwTpbvYN9agJdjpyJm4ZZdhpUNKB3F6,1410
2021-12,KT1H1MqmUM4aK9i1833EBmYCCEfkbt6ZdSBc,1774
2021-12,KT1NC4pPLbhcw5JRq89NnHgwXg9uGztSZm1k,2627
2021-2,tz1bAjg8KhBjzRMuPbdLfC4EvETmdsuruynm,4889
2021-2,tz1e4N6UZzrjoxKbsJoLnxuBy6DfZu4voiTV,695
2021-2,tz1Vs2z88hHRnFLss81M7dXHnbwhZNMDrSgD,1058
2021-2,tz1NcoDFXMAfB26mpBhVrdSHmppyTeccT6Fi,702
2021-2,tz1LnHsA2wpn7guf8b7xzX2i5zNKRQoRQVgJ,1326
2021-2,tz1bDhCGNZLQw1QXgf6MCzo6EtAVSGkqEB11,635
2021-2,tz1hkzS6pnfnHv9KzX1nbtqXVqUkzcem8FJs,1684
2021-2,tz1SGrdsM2EDo7juLo1U3vg2FoMekpkpDJLX,962
2021-2,tz1bDXD6nNSrebqmAnnKKwnX1QdePSMCj4MX,2013
2021-2,tz1WyndeaAx36WExobV9hBknyoCn89D3HVWT,1147
2021-2,tz1dD2rBsYYLnsZtijtGqT4tynCEVaEJ6DeL,559
2021-2,tz1SiPXX4MYGNJNDsRc7n8hkvUqFzg8xqF9m,12974
2021-2,tz1beukUpZiLQPfvo8ffnUs1CAhktUApzsFc,667
2021-2,tz1cYfMsbsGhxPqDovmaQHDByTeqiRTygEpc,547
2021-2,tz1YpWsMwc4gSyjtxEF3JbmN6YrGiDidaSmg,1010
2021-2,tz1MXjdb684ByEP5qUn5J7EMub7Sr8eBziDe,778
2021-2,tz1gNjyzyT8L6WgNS4AdNMppsSFw76J4aDvT,1068
2021-2,tz1ch7nvDDAchbAPfTio3yBsdvN1SZJZj1wY,1577
2021-3,tz1bDXD6nNSrebqmAnnKKwnX1QdePSMCj4MX,1894
2021-3,KT1Hkg5qeNhfwpKW4fXvq7HGZB9z2EnmCCA9,3846
2021-3,tz1ch7nvDDAchbAPfTio3yBsdvN1SZJZj1wY,1016
2021-3,tz1MXjdb684ByEP5qUn5J7EMub7Sr8eBziDe,534
2021-3,KT1K9gCRgaLRFKTErYt1wVxA3Frb9FjasjTV,621
2021-3,tz1SGrdsM2EDo7juLo1U3vg2FoMekpkpDJLX,1082
2021-3,tz1bAjg8KhBjzRMuPbdLfC4EvETmdsuruynm,3113
2021-3,tz1e4N6UZzrjoxKbsJoLnxuBy6DfZu4voiTV,827
2021-3,KT1L9H8STEZjS4iPVmht2qG8xyUqXjt4EfEF,927
2021-3,tz1LnHsA2wpn7guf8b7xzX2i5zNKRQoRQVgJ,543
2021-3,tz1dD2rBsYYLnsZtijtGqT4tynCEVaEJ6DeL,588
2021-3,tz1gNjyzyT8L6WgNS4AdNMppsSFw76J4aDvT,868
2021-3,tz1NcoDFXMAfB26mpBhVrdSHmppyTeccT6Fi,512
2021-3,tz1SiPXX4MYGNJNDsRc7n8hkvUqFzg8xqF9m,10253
2021-3,tz1Vs2z88hHRnFLss81M7dXHnbwhZNMDrSgD,905
2021-3,tz1cYfMsbsGhxPqDovmaQHDByTeqiRTygEpc,555
2021-3,tz1hkzS6pnfnHv9KzX1nbtqXVqUkzcem8FJs,1950
2021-3,tz1YUigABASqRUWAG97qHfHwYkYEGDk9q2Qv,900
2021-3,KT1AbYeDbjjcAnV1QK7EZUUdqku77CdkTuv6,502
2021-3,KT1RJ6PbjHpwc3M5rw5s2Nbmefwbuwbdxton,863
2021-3,tz1WyndeaAx36WExobV9hBknyoCn89D3HVWT,1290
2021-4,KT1KKCGmRCy27137wN9WQUYyD14xUbZXyJBA,552
2021-4,tz1bAjg8KhBjzRMuPbdLfC4EvETmdsuruynm,2881
2021-4,tz1Vs2z88hHRnFLss81M7dXHnbwhZNMDrSgD,1164
2021-4,KT1X8DhjBCqCPQ8Ssht8awJQxcmseC2W3bYW,2271
2021-4,KT1Hkg5qeNhfwpKW4fXvq7HGZB9z2EnmCCA9,8922
2021-4,KT1BoLLvuY4FKKVfFXUjf1FaYVw4CmMaLb3f,626
2021-4,tz1MxNfkpLXp8o1diqMKoXS3GcvCyMtbWoxT,574
2021-4,tz1SiPXX4MYGNJNDsRc7n8hkvUqFzg8xqF9m,13711
2021-4,KT1RJ6PbjHpwc3M5rw5s2Nbmefwbuwbdxton,2928
2021-4,tz1gNjyzyT8L6WgNS4AdNMppsSFw76J4aDvT,1010
2021-4,KT1UBKwp8V8byKMxXTLd1QS5YJcb9yyHXHfQ,1989
2021-4,KT1CaSP4dn8wasbMsfdtGiCPgYFW7bvnPRRT,556
2021-4,tz1bDXD6nNSrebqmAnnKKwnX1QdePSMCj4MX,1771
2021-4,tz1MXjdb684ByEP5qUn5J7EMub7Sr8eBziDe,542
2021-4,tz1LnHsA2wpn7guf8b7xzX2i5zNKRQoRQVgJ,1019
2021-4,tz1Z7eWGw18LqUgRqmDqNZFQx7f8GEHXRfT8,500
2021-4,KT1CiSKXR68qYSxnbzjwvfeMCRburaSDonT2,515
2021-4,KT19ovJhcsUn4YU8Q5L3BGovKSixfbWcecEA,921
2021-4,tz1WyndeaAx36WExobV9hBknyoCn89D3HVWT,1210
2021-4,tz1NcoDFXMAfB26mpBhVrdSHmppyTeccT6Fi,824
2021-4,KT1QxLqukyfohPV5kPkw97Rs6cw1DDDvYgbB,1170
2021-4,KT1EpGgjQs73QfFJs9z7m1Mxm5MTnpC2tqse,599
2021-4,tz1bDhCGNZLQw1QXgf6MCzo6EtAVSGkqEB11,733
2021-4,tz1cYfMsbsGhxPqDovmaQHDByTeqiRTygEpc,639
2021-4,KT1Qm3urGqkRsWsovGzNb2R81c3dSfxpteHG,877
2021-4,KT1AFA2mwNUMNd4SsujE1YYp29vd8BZejyKW,1283
2021-4,tz1MRssJTFokjJ4WHAY63wFTufQ8qpxZJtvU,812
2021-4,KT1K9gCRgaLRFKTErYt1wVxA3Frb9FjasjTV,793
2021-4,tz1SGrdsM2EDo7juLo1U3vg2FoMekpkpDJLX,1417
2021-4,tz1hkzS6pnfnHv9KzX1nbtqXVqUkzcem8FJs,1981
2021-4,tz1aJ34EpQnBV3gwPwFbSs2TB6WbdbFTzto8,652
2021-4,tz1ch7nvDDAchbAPfTio3yBsdvN1SZJZj1wY,1093
2021-4,tz1YUigABASqRUWAG97qHfHwYkYEGDk9q2Qv,3150
2021-4,KT1RVHNX5JvcgDvYHvkftQzEU4Fp6sUxrApG,707
2021-4,tz1e4N6UZzrjoxKbsJoLnxuBy6DfZu4voiTV,1033
2021-5,KT1RJ6PbjHpwc3M5rw5s2Nbmefwbuwbdxton,4943
2021-5,tz1SGrdsM2EDo7juLo1U3vg2FoMekpkpDJLX,1516
2021-5,tz1NcoDFXMAfB26mpBhVrdSHmppyTeccT6Fi,639
2021-5,tz1hkzS6pnfnHv9KzX1nbtqXVqUkzcem8FJs,1702
2021-5,KT191reDVKrLxU9rjTSxg53wRqj6zh8pnHgr,1572
2021-5,KT1Hkg5qeNhfwpKW4fXvq7HGZB9z2EnmCCA9,12439
2021-5,KT1Q93ftAUzvfMGPwC78nX8eouL1VzmHPd4d,560
2021-5,tz1SiPXX4MYGNJNDsRc7n8hkvUqFzg8xqF9m,9752
2021-5,tz1Z7eWGw18LqUgRqmDqNZFQx7f8GEHXRfT8,871
2021-5,tz1bkMZKrPYUWvVmP4yw4EHv6PTAA76b6pcJ,1017
2021-5,KT1AFA2mwNUMNd4SsujE1YYp29vd8BZejyKW,1796
2021-5,tz1aJ34EpQnBV3gwPwFbSs2TB6WbdbFTzto8,551
2021-5,KT1TnTr6b2YxSx2xUQ8Vz3MoWy771ta66yGx,1923
2021-5,tz1bDXD6nNSrebqmAnnKKwnX1QdePSMCj4MX,2188
2021-5,tz1ch7nvDDAchbAPfTio3yBsdvN1SZJZj1wY,968
2021-5,tz1bAjg8KhBjzRMuPbdLfC4EvETmdsuruynm,2417
2021-5,KT1BgezWwHBxA9NrczwK9x3zfgFnUkc7JJ4b,506
2021-5,KT1BHCumksALJQJ8q8to2EPigPW6qpyTr7Ng,681
2021-5,KT1QxLqukyfohPV5kPkw97Rs6cw1DDDvYgbB,2396
2021-5,tz1bDhCGNZLQw1QXgf6MCzo6EtAVSGkqEB11,542
2021-5,tz1gNjyzyT8L6WgNS4AdNMppsSFw76J4aDvT,1307
2021-5,KT1P8n2qzJjwMPbHJfi4o8xu6Pe3gaU3u2A3,1670
2021-5,KT1MeFfi4TzSCc8CF9j3qq5mecTPdc6YVUPp,619
2021-5,KT1G1cCRNBgQ48mVDjopHjEmTN5Sbtar8nn9,670
2021-5,KT1FG63hhFtMEEEtmBSX2vuFmP87t9E7Ab4t,633
2021-5,KT1EpGgjQs73QfFJs9z7m1Mxm5MTnpC2tqse,848
2021-5,KT1NXdxJkCiPkhwPvaT9CytFowuUoNcwGM1p,558
2021-5,tz1LnHsA2wpn7guf8b7xzX2i5zNKRQoRQVgJ,1190
2021-5,tz1YUigABASqRUWAG97qHfHwYkYEGDk9q2Qv,4477
2021-5,KT1L9H8STEZjS4iPVmht2qG8xyUqXjt4EfEF,1411
2021-5,KT1VHd7ysjnvxEzwtjBAmYAmasvVCfPpSkiG,572
2021-5,KT1RVHNX5JvcgDvYHvkftQzEU4Fp6sUxrApG,529
2021-5,tz1egoxWxfhwm94YrK5nB5BdyBjnEVm2kSzx,700
2021-5,KT1RRgK6eXvCWCiEGWhRZCSVGzhDzwXEEjS4,920
2021-5,KT1PrRTVNgxkRgyqqNQvwTiVhd55dqyxXJ6n,573
2021-5,KT1K9Vbtko7SP7oRoTof38T3BjpPijiMGS4F,522
2021-5,KT1AbYeDbjjcAnV1QK7EZUUdqku77CdkTuv6,574
2021-5,KT1LRboPna9yQY9BrjtQYDS1DVxhKESK4VVd,535
2021-5,KT19ovJhcsUn4YU8Q5L3BGovKSixfbWcecEA,808
2021-5,tz1WyndeaAx36WExobV9hBknyoCn89D3HVWT,1309
2021-5,tz1MXjdb684ByEP5qUn5J7EMub7Sr8eBziDe,696
2021-5,tz1e4N6UZzrjoxKbsJoLnxuBy6DfZu4voiTV,1572
2021-5,KT1T1PeeRDbsKDYM2nX8JjJ1kkAhHh5FnjgC,500
2021-5,KT1K9gCRgaLRFKTErYt1wVxA3Frb9FjasjTV,1106
2021-5,KT1CaSP4dn8wasbMsfdtGiCPgYFW7bvnPRRT,549
2021-5,KT1K4EwTpbvYN9agJdjpyJm4ZZdhpUNKB3F6,1125
2021-5,KT1TtaMcoSx5cZrvaVBWsFoeZ1L15cxo5AEy,516
2021-6,KT1Wa8yqRBpFCusJWgcQyjhRz7hUQAmFxW7j,760
2021-6,KT1LRboPna9yQY9BrjtQYDS1DVxhKESK4VVd,1130
2021-6,KT1QqjR4Fj9YegB37PQEqXUPHmFbhz6VJtwE,1053
2021-6,KT1JQAZqShNMakSNXc2cgTzdAWZFemGcU6n1,952
2021-6,tz1e4N6UZzrjoxKbsJoLnxuBy6DfZu4voiTV,632
2021-6,KT1AFA2mwNUMNd4SsujE1YYp29vd8BZejyKW,1771
2021-6,tz1YUigABASqRUWAG97qHfHwYkYEGDk9q2Qv,2759
2021-6,tz1gNjyzyT8L6WgNS4AdNMppsSFw76J4aDvT,561
2021-6,tz1bAjg8KhBjzRMuPbdLfC4EvETmdsuruynm,1575
2021-6,tz1Vs2z88hHRnFLss81M7dXHnbwhZNMDrSgD,665
2021-6,tz1SGrdsM2EDo7juLo1U3vg2FoMekpkpDJLX,588
2021-6,KT1RJ6PbjHpwc3M5rw5s2Nbmefwbuwbdxton,5471
2021-6,tz1hkzS6pnfnHv9KzX1nbtqXVqUkzcem8FJs,1252
2021-6,KT1L9H8STEZjS4iPVmht2qG8xyUqXjt4EfEF,684
2021-6,KT1GRSvLoikDsXujKgZPsGLX8k8VvR2Tq95b,2284
2021-6,tz1SiPXX4MYGNJNDsRc7n8hkvUqFzg8xqF9m,5650
2021-6,KT1KnuE87q1EKjPozJ5sRAjQA24FPsP57CE3,914
2021-6,KT1Gdix8LoDoQng7YqdPNhdP5V7JRX8FqWvM,861
2021-6,KT1LN4LPSqTMS7Sd2CJw4bbDGRkMv2t68Fy9,542
2021-6,KT1K9gCRgaLRFKTErYt1wVxA3Frb9FjasjTV,596
2021-6,KT1Q93ftAUzvfMGPwC78nX8eouL1VzmHPd4d,576
2021-6,KT1RRgK6eXvCWCiEGWhRZCSVGzhDzwXEEjS4,1240
2021-6,KT1FG63hhFtMEEEtmBSX2vuFmP87t9E7Ab4t,1090
2021-6,KT1BHCumksALJQJ8q8to2EPigPW6qpyTr7Ng,1070
2021-6,KT19hzFPbMW9cYgUhLNghytkWEymMKsPrdfX,1085
2021-6,KT1X1LgNkQShpF9nRLYw3Dgdy4qp38MX617z,2200
2021-6,KT1J3wTYb4xk5BsSBkg6ML55bX1xq7desS34,1290
2021-6,KT18fp5rcTW7mbWDmzFwjLDUhs5MeJmagDSZ,973
2021-6,KT1TnTr6b2YxSx2xUQ8Vz3MoWy771ta66yGx,735
2021-6,KT1Hkg5qeNhfwpKW4fXvq7HGZB9z2EnmCCA9,12398
2021-6,KT1A5P4ejnLix13jtadsfV9GCnXLMNnab8UT,1051
2021-6,KT191reDVKrLxU9rjTSxg53wRqj6zh8pnHgr,825
2021-6,KT1K4EwTpbvYN9agJdjpyJm4ZZdhpUNKB3F6,900
2021-6,KT1EpGgjQs73QfFJs9z7m1Mxm5MTnpC2tqse,738
2021-6,KT1XPFjZqCULSnqfKaaYy8hJjeY63UNSGwXg,566
2021-6,tz1bDXD6nNSrebqmAnnKKwnX1QdePSMCj4MX,1241
2021-6,KT1QxLqukyfohPV5kPkw97Rs6cw1DDDvYgbB,1844
2021-6,KT1Dno3sQZwR5wUCWxzaohwuJwG3gX1VWj1Z,725
2021-6,tz1egoxWxfhwm94YrK5nB5BdyBjnEVm2kSzx,847
2021-6,tz1LnHsA2wpn7guf8b7xzX2i5zNKRQoRQVgJ,845
2021-6,KT1WxgZ1ZSfMgmsSDDcUn8Xn577HwnQ7e1Lb,531
2021-6,KT1My1wDZHDGweCrJnQJi3wcFaS67iksirvj,2678
2021-6,KT1TwzD6zV3WeJ39ukuqxcfK2fJCnhvrdN1X,628
2021-6,KT1P8n2qzJjwMPbHJfi4o8xu6Pe3gaU3u2A3,852
2021-7,KT1QqjR4Fj9YegB37PQEqXUPHmFbhz6VJtwE,1424
2021-7,KT1EpGgjQs73QfFJs9z7m1Mxm5MTnpC2tqse,1328
2021-7,tz1egoxWxfhwm94YrK5nB5BdyBjnEVm2kSzx,733
2021-7,tz1SiPXX4MYGNJNDsRc7n8hkvUqFzg8xqF9m,3242
2021-7,KT1PiXcVdqgsaYnkQ7KAec9skLRMtmDcsnMy,654
2021-7,tz1Vs2z88hHRnFLss81M7dXHnbwhZNMDrSgD,690
2021-7,KT1RRgK6eXvCWCiEGWhRZCSVGzhDzwXEEjS4,983
2021-7,KT1J3wTYb4xk5BsSBkg6ML55bX1xq7desS34,1668
2021-7,KT1GRSvLoikDsXujKgZPsGLX8k8VvR2Tq95b,2254
2021-7,KT1RJ6PbjHpwc3M5rw5s2Nbmefwbuwbdxton,8385
2021-7,KT1Gdix8LoDoQng7YqdPNhdP5V7JRX8FqWvM,1030
2021-7,tz1SGrdsM2EDo7juLo1U3vg2FoMekpkpDJLX,590
2021-7,KT191reDVKrLxU9rjTSxg53wRqj6zh8pnHgr,520
2021-7,KT1BHCumksALJQJ8q8to2EPigPW6qpyTr7Ng,646
2021-7,KT1XPFjZqCULSnqfKaaYy8hJjeY63UNSGwXg,1129
2021-7,KT1K9gCRgaLRFKTErYt1wVxA3Frb9FjasjTV,695
2021-7,KT1A5P4ejnLix13jtadsfV9GCnXLMNnab8UT,1677
2021-7,KT1FvqJwEDWb1Gwc55Jd1jjTHRVWbYKUUpyq,2007
2021-7,KT1BgezWwHBxA9NrczwK9x3zfgFnUkc7JJ4b,920
2021-7,tz1LnHsA2wpn7guf8b7xzX2i5zNKRQoRQVgJ,907
2021-7,tz1YUigABASqRUWAG97qHfHwYkYEGDk9q2Qv,1075
2021-7,KT1Dno3sQZwR5wUCWxzaohwuJwG3gX1VWj1Z,506
2021-7,KT1K4EwTpbvYN9agJdjpyJm4ZZdhpUNKB3F6,826
2021-7,KT1TwzD6zV3WeJ39ukuqxcfK2fJCnhvrdN1X,1780
2021-7,tz1bAjg8KhBjzRMuPbdLfC4EvETmdsuruynm,1136
2021-7,KT18fp5rcTW7mbWDmzFwjLDUhs5MeJmagDSZ,736
2021-7,KT1QxLqukyfohPV5kPkw97Rs6cw1DDDvYgbB,1061
2021-7,KT1KnuE87q1EKjPozJ5sRAjQA24FPsP57CE3,1646
2021-7,tz1hkzS6pnfnHv9KzX1nbtqXVqUkzcem8FJs,1192
2021-7,KT1X1LgNkQShpF9nRLYw3Dgdy4qp38MX617z,2051
2021-7,KT1FHiJmJUgZMPtv5F8M4ZEa6cb1D9Lf758T,688
2021-7,KT1AFA2mwNUMNd4SsujE1YYp29vd8BZejyKW,910
2021-7,KT1KY2x1XrWykYd2dbBNXfE6tVUU3eYNB4wo,509
2021-7,KT1FG63hhFtMEEEtmBSX2vuFmP87t9E7Ab4t,562
2021-7,KT1P8n2qzJjwMPbHJfi4o8xu6Pe3gaU3u2A3,548
2021-7,KT1JQAZqShNMakSNXc2cgTzdAWZFemGcU6n1,1290
2021-7,tz1bDXD6nNSrebqmAnnKKwnX1QdePSMCj4MX,1060
2021-7,KT1JXxK3bd39ayLiiBdKm2cdReYnVSG3bkzK,896
2021-7,KT1Ga15wxGR5oWK1vBG2GXbjYM6WqPgpfRSP,535
2021-7,KT1XjcRq5MLAzMKQ3UHsrue2SeU2NbxUrzmU,773
2021-7,KT1LRboPna9yQY9BrjtQYDS1DVxhKESK4VVd,776
2021-7,KT1HbQepzV1nVGg8QVznG7z4RcHseD5kwqBn,9462
2021-7,KT1Hkg5qeNhfwpKW4fXvq7HGZB9z2EnmCCA9,7547
2021-7,KT1WxgZ1ZSfMgmsSDDcUn8Xn577HwnQ7e1Lb,520
2021-7,tz1WyndeaAx36WExobV9hBknyoCn89D3HVWT,735
2021-7,KT1My1wDZHDGweCrJnQJi3wcFaS67iksirvj,2981
2021-7,KT1GioMCKwRyWoQpdrwxvsPVEsFJkkLyquVZ,588
2021-7,KT1G1cCRNBgQ48mVDjopHjEmTN5Sbtar8nn9,1157
2021-7,KT1AEhxRxLkzLiTXhayjq2bZM6jw7mtfdUg2,1378
2021-7,KT1Wvk8fon9SgNEPQKewoSL2ziGGuCQebqZc,1000
2021-7,tz1gNjyzyT8L6WgNS4AdNMppsSFw76J4aDvT,551
2021-7,KT1LN4LPSqTMS7Sd2CJw4bbDGRkMv2t68Fy9,502
2021-7,KT1WGDVRnff4rmGzJUbdCRAJBmYt12BrPzdD,1028
2021-7,KT1DgbAE84xno2wdaEgeYpZkFZMs5fskAgP7,1062
2021-7,KT1Wa8yqRBpFCusJWgcQyjhRz7hUQAmFxW7j,526
2021-8,KT1WxgZ1ZSfMgmsSDDcUn8Xn577HwnQ7e1Lb,800
2021-8,KT1KnuE87q1EKjPozJ5sRAjQA24FPsP57CE3,1359
2021-8,tz1e4N6UZzrjoxKbsJoLnxuBy6DfZu4voiTV,1116
2021-8,KT193D4vozYnhGJQVtw7CoxxqphqUEEwK6Vb,5419
2021-8,KT1X3zxdTzPB9DgVzA3ad6dgZe9JEamoaeRy,3359
2021-8,KT1LRboPna9yQY9BrjtQYDS1DVxhKESK4VVd,578
2021-8,KT1RJ6PbjHpwc3M5rw5s2Nbmefwbuwbdxton,9609
2021-8,KT1K9gCRgaLRFKTErYt1wVxA3Frb9FjasjTV,723
2021-8,tz1Vs2z88hHRnFLss81M7dXHnbwhZNMDrSgD,649
2021-8,KT1KJhxkCpZNwAFQURDoJ79hGqQgSC9UaWpG,606
2021-8,KT1KY2x1XrWykYd2dbBNXfE6tVUU3eYNB4wo,736
2021-8,KT1TR4qabnDU6aAUym6nauSGaRwJpoKU3efP,534
2021-8,KT1XPFjZqCULSnqfKaaYy8hJjeY63UNSGwXg,882
2021-8,KT1AFA2mwNUMNd4SsujE1YYp29vd8BZejyKW,644
2021-8,KT1K4EwTpbvYN9agJdjpyJm4ZZdhpUNKB3F6,827
2021-8,KT1RRgK6eXvCWCiEGWhRZCSVGzhDzwXEEjS4,519
2021-8,KT1FvqJwEDWb1Gwc55Jd1jjTHRVWbYKUUpyq,1551
2021-8,KT1VCrmywPNf8ZHH95HKHvYA4bBQJPa8g2sr,517
2021-8,KT1WGDVRnff4rmGzJUbdCRAJBmYt12BrPzdD,1614
2021-8,KT1GRSvLoikDsXujKgZPsGLX8k8VvR2Tq95b,2592
2021-8,KT18fp5rcTW7mbWDmzFwjLDUhs5MeJmagDSZ,1489
2021-8,KT1TwzD6zV3WeJ39ukuqxcfK2fJCnhvrdN1X,941
2021-8,KT1Gz1mx1jm7JHqU7GuMVWF6soB9RjsfLN3o,543
2021-8,KT1PuPNtDFLR6U7e7vDuxunDoKasVT6kMSkz,623
2021-8,KT1Hkg5qeNhfwpKW4fXvq7HGZB9z2EnmCCA9,6267
2021-8,tz1WyndeaAx36WExobV9hBknyoCn89D3HVWT,534
2021-8,KT1D36ZG99YuhoCRZXLL86tQYAbv36bCq9XM,589
2021-8,tz1gNjyzyT8L6WgNS4AdNMppsSFw76J4aDvT,606
2021-8,KT1XjcRq5MLAzMKQ3UHsrue2SeU2NbxUrzmU,693
2021-8,tz1bDXD6nNSrebqmAnnKKwnX1QdePSMCj4MX,994
2021-8,KT1Kp3KVT4nHFmSuL8bvETkgQzseUYP3LDBy,692
2021-8,KT1QxLqukyfohPV5kPkw97Rs6cw1DDDvYgbB,839
2021-8,KT18qSo4Ch2Mfq4jP3eME7SWHB8B8EDTtVBu,523
2021-8,tz1SGrdsM2EDo7juLo1U3vg2FoMekpkpDJLX,896
2021-8,tz1MXjdb684ByEP5qUn5J7EMub7Sr8eBziDe,606
2021-8,KT1My1wDZHDGweCrJnQJi3wcFaS67iksirvj,4548
2021-8,KT1X1LgNkQShpF9nRLYw3Dgdy4qp38MX617z,2199
2021-8,KT1A5P4ejnLix13jtadsfV9GCnXLMNnab8UT,611
2021-8,KT1Gdix8LoDoQng7YqdPNhdP5V7JRX8FqWvM,953
2021-8,tz1LnHsA2wpn7guf8b7xzX2i5zNKRQoRQVgJ,655
2021-8,KT1EpGgjQs73QfFJs9z7m1Mxm5MTnpC2tqse,1030
2021-8,KT1DdxmJujm3u2ZNkYwV24qLBJ6iR7sc58B9,1094
2021-8,tz1hjem5Rpf4KAVbwMLJet75TDb8HjAKnTYk,851
2021-8,KT1LN4LPSqTMS7Sd2CJw4bbDGRkMv2t68Fy9,907
2021-8,KT1HbQepzV1nVGg8QVznG7z4RcHseD5kwqBn,12018
2021-8,tz1SiPXX4MYGNJNDsRc7n8hkvUqFzg8xqF9m,4597
2021-8,tz1hkzS6pnfnHv9KzX1nbtqXVqUkzcem8FJs,1053
2021-8,tz1egoxWxfhwm94YrK5nB5BdyBjnEVm2kSzx,515
2021-8,KT1QqjR4Fj9YegB37PQEqXUPHmFbhz6VJtwE,1515
2021-8,KT1JQAZqShNMakSNXc2cgTzdAWZFemGcU6n1,1192
2021-9,KT1WxgZ1ZSfMgmsSDDcUn8Xn577HwnQ7e1Lb,1058
2021-9,KT1HSYQ9NLTQufuvNUwMhLY7B9TX8LDUfgsr,511
2021-9,KT1E8CrG6uznYAG9vZVGtApMJwwTScxPEUKq,513
2021-9,KT1WGDVRnff4rmGzJUbdCRAJBmYt12BrPzdD,4885
2021-9,KT1J3wTYb4xk5BsSBkg6ML55bX1xq7desS34,1002
2021-9,KT1L9H8STEZjS4iPVmht2qG8xyUqXjt4EfEF,740
2021-9,tz1gNjyzyT8L6WgNS4AdNMppsSFw76J4aDvT,1958
2021-9,KT1NtsnKQ1c3rYB12ZToP77XaJs8WDBvF221,957
2021-9,KT1XRPEPXbZK25r3Htzp2o1x7xdMMmfocKNW,767
2021-9,KT1D9PA7tvuCe9XnDskd2F67XwdrT4ueqjGe,656
2021-9,tz1SiPXX4MYGNJNDsRc7n8hkvUqFzg8xqF9m,9935
2021-9,KT1A5P4ejnLix13jtadsfV9GCnXLMNnab8UT,1427
2021-9,KT1LHHLso8zQWQWg1HUukajdxxbkGfNoHjh6,1294
2021-9,KT1FHiJmJUgZMPtv5F8M4ZEa6cb1D9Lf758T,541
2021-9,KT1VDSyTqS95wkB4tRGy6saMa4izRKwrEg26,798
2021-9,KT1X1LgNkQShpF9nRLYw3Dgdy4qp38MX617z,3137
2021-9,KT1Gdix8LoDoQng7YqdPNhdP5V7JRX8FqWvM,1862
2021-9,KT1FvqJwEDWb1Gwc55Jd1jjTHRVWbYKUUpyq,7228
2021-9,KT1FG63hhFtMEEEtmBSX2vuFmP87t9E7Ab4t,624
2021-9,tz1LnHsA2wpn7guf8b7xzX2i5zNKRQoRQVgJ,1157
2021-9,tz1NcoDFXMAfB26mpBhVrdSHmppyTeccT6Fi,941
2021-9,tz1MHDcPPMZsK9mPA8XwUSw5kNqoJG3pXJ2f,799
2021-9,KT1X3zxdTzPB9DgVzA3ad6dgZe9JEamoaeRy,3548
2021-9,tz1YpWsMwc4gSyjtxEF3JbmN6YrGiDidaSmg,537
2021-9,KT1TnTr6b2YxSx2xUQ8Vz3MoWy771ta66yGx,1763
2021-9,tz1SGrdsM2EDo7juLo1U3vg2FoMekpkpDJLX,2640
2021-9,KT1Q82QwsHmcEDhPHTBceHSxUUn4ksby9z5B,1504
2021-9,KT1XXAavg3tTj12W1ADvd3EEnm1pu6XTmiEF,860
2021-9,KT1RRgK6eXvCWCiEGWhRZCSVGzhDzwXEEjS4,635
2021-9,KT1K9gCRgaLRFKTErYt1wVxA3Frb9FjasjTV,1189
2021-9,tz1MRssJTFokjJ4WHAY63wFTufQ8qpxZJtvU,647
2021-9,KT1HbQepzV1nVGg8QVznG7z4RcHseD5kwqBn,27289
2021-9,KT18fp5rcTW7mbWDmzFwjLDUhs5MeJmagDSZ,2189
2021-9,KT193D4vozYnhGJQVtw7CoxxqphqUEEwK6Vb,4360
2021-9,tz1Vs2z88hHRnFLss81M7dXHnbwhZNMDrSgD,1514
2021-9,tz1Z7eWGw18LqUgRqmDqNZFQx7f8GEHXRfT8,937
2021-9,KT1Gz1mx1jm7JHqU7GuMVWF6soB9RjsfLN3o,568
2021-9,KT1Kp3KVT4nHFmSuL8bvETkgQzseUYP3LDBy,896
2021-9,KT1KY2x1XrWykYd2dbBNXfE6tVUU3eYNB4wo,1542
2021-9,KT1TR4qabnDU6aAUym6nauSGaRwJpoKU3efP,1215
2021-9,KT1UMAE2PBskeQayP5f2ZbGiVYF7h8bZ2gyp,701
2021-9,tz1ch7nvDDAchbAPfTio3yBsdvN1SZJZj1wY,608
2021-9,tz1e4N6UZzrjoxKbsJoLnxuBy6DfZu4voiTV,1456
2021-9,KT1B7o9UQArZGrfedHhYqG7VTWDTtkVop2X2,1016
2021-9,KT1QxLqukyfohPV5kPkw97Rs6cw1DDDvYgbB,1390
2021-9,KT19at7rQUvyjxnZ2fBv7D9zc8rkyG7gAoU8,525
2021-9,KT19JYndHaesXpvUfiwgg8BtE41HKkjjGMRC,780
2021-9,KT18qSo4Ch2Mfq4jP3eME7SWHB8B8EDTtVBu,523
2021-9,KT1TwzD6zV3WeJ39ukuqxcfK2fJCnhvrdN1X,2021
2021-9,KT1JQAZqShNMakSNXc2cgTzdAWZFemGcU6n1,1202
2021-9,tz1aJ34EpQnBV3gwPwFbSs2TB6WbdbFTzto8,1376
2021-9,KT1Cba383ZJpEearqnUyUKUMsgu5Z3TXBgeH,549
2021-9,KT1UNBvCJXiwJY6tmHM7CJUVwNPew53XkSfh,500
2021-9,KT1My1wDZHDGweCrJnQJi3wcFaS67iksirvj,12651
2021-9,KT1U2hs5eNdeCpHouAvQXGMzGFGJowbhjqmo,687
2021-9,KT1B7NqoQQkALYPS9fdxrcjGMQST6Wv4yy3h,578
2021-9,tz1bDhCGNZLQw1QXgf6MCzo6EtAVSGkqEB11,812
2021-9,KT1AFA2mwNUMNd4SsujE1YYp29vd8BZejyKW,1213
2021-9,KT1GRSvLoikDsXujKgZPsGLX8k8VvR2Tq95b,3640
2021-9,KT1EpGgjQs73QfFJs9z7m1Mxm5MTnpC2tqse,2310
2021-9,KT1XjcRq5MLAzMKQ3UHsrue2SeU2NbxUrzmU,2958
2021-9,KT191reDVKrLxU9rjTSxg53wRqj6zh8pnHgr,1867
2021-9,KT1FFE2LC5JpVakVjHm5mM36QVp2p3ZzH4hH,652
2021-9,KT1XTxpQvo7oRCqp85LikEZgAZ22uDxhbWJv,674
2021-9,tz1WyndeaAx36WExobV9hBknyoCn89D3HVWT,1309
2021-9,KT1FsMiweyRTog9GGNC22hiMTFVRPrGs3eto,795
2021-9,tz1hkzS6pnfnHv9KzX1nbtqXVqUkzcem8FJs,1396
2021-9,tz1MXjdb684ByEP5qUn5J7EMub7Sr8eBziDe,815
2021-9,KT1KJhxkCpZNwAFQURDoJ79hGqQgSC9UaWpG,935
2021-9,KT1D36ZG99YuhoCRZXLL86tQYAbv36bCq9XM,797
2021-9,tz1egoxWxfhwm94YrK5nB5BdyBjnEVm2kSzx,1401
2021-9,KT1XPFjZqCULSnqfKaaYy8hJjeY63UNSGwXg,627
2021-9,KT1LN4LPSqTMS7Sd2CJw4bbDGRkMv2t68Fy9,1255
2021-9,tz1YUigABASqRUWAG97qHfHwYkYEGDk9q2Qv,851
2021-9,KT1K4EwTpbvYN9agJdjpyJm4ZZdhpUNKB3F6,1219
2021-9,KT1M81KrJr6TxYLkZkVqcpSTNKGoya8XytWT,507
2021-9,KT1UC3vcVZ4K9b39uQxaMNA2N1RuJXKLCnoA,632
2021-9,KT1VCrmywPNf8ZHH95HKHvYA4bBQJPa8g2sr,804
2021-9,KT1KnuE87q1EKjPozJ5sRAjQA24FPsP57CE3,1442
2021-9,KT1EtjRRCBC2exyCRXz8UfV7jz7svnkqi7di,540
2021-9,KT1QqjR4Fj9YegB37PQEqXUPHmFbhz6VJtwE,1653
2021-9,KT1RJ6PbjHpwc3M5rw5s2Nbmefwbuwbdxton,21836
2021-9,KT1Hkg5qeNhfwpKW4fXvq7HGZB9z2EnmCCA9,14606
2021-9,tz1bDXD6nNSrebqmAnnKKwnX1QdePSMCj4MX,1928
2021-9,KT1LRboPna9yQY9BrjtQYDS1DVxhKESK4VVd,922
2021-9,KT1PuPNtDFLR6U7e7vDuxunDoKasVT6kMSkz,823
2021-9,KT1P8n2qzJjwMPbHJfi4o8xu6Pe3gaU3u2A3,1973
2022-1,KT1M81KrJr6TxYLkZkVqcpSTNKGoya8XytWT,4384
2022-1,KT1HZVd9Cjc2CMe3sQvXgbxhpJkdena21pih,674
2022-1,KT1LN4LPSqTMS7Sd2CJw4bbDGRkMv2t68Fy9,1053
2022-1,KT1HbQepzV1nVGg8QVznG7z4RcHseD5kwqBn,21298
2022-1,KT1F1mn2jbqQCJcsNgYKVAQjvenecNMY2oPK,539
2022-1,KT1LzyPS8rN375tC31WPAVHaQ4HyBvTSLwBu,633
2022-1,KT1GqCQqwzSDXBkCr8nFJ932JtcSugfVS2vL,763
2022-1,KT1J9VpjiH5cmcsskNb8gEXpBtjD4zrAx4Vo,856
2022-1,KT1ErKVqEhG9jxXgUG2KGLW3bNM7zXHX8SDF,653
2022-1,KT1AFq5XorPduoYyWxs5gEyrFK6fVjJVbtCj,732
2022-1,tz1aJ34EpQnBV3gwPwFbSs2TB6WbdbFTzto8,532
2022-1,KT1C9X9s5rpVJGxwVuHEVBLYEdAQ1Qw8QDjH,1381
2022-1,tz1Vs2z88hHRnFLss81M7dXHnbwhZNMDrSgD,1094
2022-1,KT1L7GvUxZH5tfa6cgZKnH6vpp2uVxnFVHKu,630
2022-1,KT1SjXiUX63QvdNMcM2m492f7kuf8JxXRLp4,501
2022-1,KT1XjcRq5MLAzMKQ3UHsrue2SeU2NbxUrzmU,4761
2022-1,KT1FvqJwEDWb1Gwc55Jd1jjTHRVWbYKUUpyq,19522
2022-1,KT1D9PA7tvuCe9XnDskd2F67XwdrT4ueqjGe,1161
2022-1,tz1e4N6UZzrjoxKbsJoLnxuBy6DfZu4voiTV,947
2022-1,tz1hkzS6pnfnHv9KzX1nbtqXVqUkzcem8FJs,1237
2022-1,KT1TR4qabnDU6aAUym6nauSGaRwJpoKU3efP,1174
2022-1,KT1X3zxdTzPB9DgVzA3ad6dgZe9JEamoaeRy,1190
2022-1,KT1A3kj2XHTArtD9xwoY49eV2v1PXwmn8G9p,1088
2022-1,tz1bAjg8KhBjzRMuPbdLfC4EvETmdsuruynm,1032
2022-1,tz1bDXD6nNSrebqmAnnKKwnX1QdePSMCj4MX,1120
2022-1,KT1PxkrCckgh5fA5v2cZEE2bX5q2RV1rv8dj,672
2022-1,KT1GRSvLoikDsXujKgZPsGLX8k8VvR2Tq95b,1428
2022-1,KT1QHLk1EMUA8BPH3FvRUeUmbTspmAhb7kpd,851
2022-1,KT1GA6KaLWpURnjvmnxB4wToErzM2EXHqrMo,993
2022-1,KT19g5hey69CiXRbhRzJEwvuJ95RgVLzS3TP,1021
2022-1,KT1XRPEPXbZK25r3Htzp2o1x7xdMMmfocKNW,573
2022-1,tz1VeaJWkdr2m5YaKFgeAafenhHhDcMxWfHC,557
2022-1,KT193D4vozYnhGJQVtw7CoxxqphqUEEwK6Vb,1171
2022-1,KT1BHCumksALJQJ8q8to2EPigPW6qpyTr7Ng,543
2022-1,KT1Xphnv7A1sUgRwZsecmAGFWm7WNxJz76ax,740
2022-1,tz1gNjyzyT8L6WgNS4AdNMppsSFw76J4aDvT,788
2022-1,KT1ViVwoVfGSCsDaxjwoovejm1aYSGz7s2TZ,652
2022-1,KT1GBZmSxmnKJXGMdMLbugPfLyUPmuLSMwKS,2783
2022-1,KT1GyRAJNdizF1nojQz62uGYkx8WFRUJm9X5,6462
2022-1,tz1SiPXX4MYGNJNDsRc7n8hkvUqFzg8xqF9m,9185
2022-1,tz1hjem5Rpf4KAVbwMLJet75TDb8HjAKnTYk,563
2022-1,KT1Dn3sambs7KZGW88hH2obZeSzfmCmGvpFo,1326
2022-1,tz1LsAcLRzepbFiqSJdXKimJFu1zwJfxvg37,710
2022-1,KT18fp5rcTW7mbWDmzFwjLDUhs5MeJmagDSZ,935
2022-1,KT1NUrzs7tiT4VbNPqeTxgAFa4SXeV1f3xe9,2773
2022-1,tz1SGrdsM2EDo7juLo1U3vg2FoMekpkpDJLX,1806
2022-1,KT1TnTr6b2YxSx2xUQ8Vz3MoWy771ta66yGx,14871
2022-1,tz1egoxWxfhwm94YrK5nB5BdyBjnEVm2kSzx,570
2022-1,KT198mqFKkiWerXLmMCw69YB1i6yzYtmGVrC,2386
2022-1,KT1RJ6PbjHpwc3M5rw5s2Nbmefwbuwbdxton,17739
2022-1,KT18pVpRXKPY2c4U2yFEGSH3ZnhB2kL8kwXS,2899
2022-1,KT1UEKu6Bd6JXs9wUWubYQ1FjQcNK2Mbgrrj,1041
2022-1,tz1YUigABASqRUWAG97qHfHwYkYEGDk9q2Qv,2739
2022-1,tz1ZQqRYMAwswy3pHSrpCoAyFin9wvk9togY,923
2022-1,KT1Xo5B7PNBAeynZPmca4bRh6LQow4og1Zb9,6119
2022-1,KT1XCoGnfupWk7Sp8536EfrxcP73LmT68Nyr,8959
2022-1,tz1bDhCGNZLQw1QXgf6MCzo6EtAVSGkqEB11,728
2022-1,KT1X1LgNkQShpF9nRLYw3Dgdy4qp38MX617z,802
2022-1,KT1G2of3jf4TVggowFjvjWAHAmyvTBy9A2hN,1069
2022-1,KT1Aq4wWmVanpQhq4TTfjZXB5AjFpx15iQMM,4493
2022-1,KT1KEa8z6vWXDJrVqtMrAeDVzsvxat3kHaCE,5489
2022-1,KT1K9gCRgaLRFKTErYt1wVxA3Frb9FjasjTV,2105
2022-1,KT1FFE2LC5JpVakVjHm5mM36QVp2p3ZzH4hH,650
2022-1,KT1PSUKkif8KZzSeWdPewWMkx61QBR8VuXsm,654
2022-1,KT1J2C7BsYNnSjQsGoyrSXShhYGkrDDLVGDd,630
2022-1,KT1GrpQXJQYVLWk7u6J5jfyQWwzXCirjfEEA,1218
2022-1,KT1P8n2qzJjwMPbHJfi4o8xu6Pe3gaU3u2A3,15582
2022-1,KT1Hkg5qeNhfwpKW4fXvq7HGZB9z2EnmCCA9,8180
2022-1,tz1LnHsA2wpn7guf8b7xzX2i5zNKRQoRQVgJ,1120
2022-1,KT191reDVKrLxU9rjTSxg53wRqj6zh8pnHgr,15289
2022-1,KT1K4EwTpbvYN9agJdjpyJm4ZZdhpUNKB3F6,2103
2022-1,KT1FptuULGK69mZRsBz62CSFdRs52etEb6Ah,788
2022-1,KT1QYZ2PfU4VrhtJNic8vXVBUB6WL1Yh4syR,806
2022-1,tz1Z7eWGw18LqUgRqmDqNZFQx7f8GEHXRfT8,623
2022-1,KT1WGDVRnff4rmGzJUbdCRAJBmYt12BrPzdD,1387
2022-1,KT1My1wDZHDGweCrJnQJi3wcFaS67iksirvj,5604
2022-1,KT1Evxe1udtPDGWrkiRsEN3vMDdB6gNpkMPM,2421
2022-1,KT1H1MqmUM4aK9i1833EBmYCCEfkbt6ZdSBc,1616
2022-1,KT1EpGgjQs73QfFJs9z7m1Mxm5MTnpC2tqse,1526
2022-1,KT1UK5PqE9X4GberH1RdYon9JXNAfc1pynbx,647
2022-1,KT1FtGBdmmzxeV1cbGP2v7RYWtwm27s9zfEa,2718
2022-1,KT1WxgZ1ZSfMgmsSDDcUn8Xn577HwnQ7e1Lb,1067
2022-1,KT1LjmAdYQCLBjwv4S2oFkEzyHVkomAf5MrW,2066
2022-1,KT1KnuE87q1EKjPozJ5sRAjQA24FPsP57CE3,872
2022-1,KT1KRvNVubq64ttPbQarxec5XdS6ZQU4DVD2,3083
2022-1,KT1JWnPVJfRrQCqA2ntLZf6zgVphJ1NJCaYi,1768
2022-1,KT1WAD5ZBgCxuWp8scSbUXUN8f1rxLbrvpJT,629
2022-1,KT1R5dHqnpeKVFow9mErfN763RFfe51vmiB8,623
2022-1,KT1Ezht4PDKZri7aVppVGT4Jkw39sesaFnww,2786
2022-1,KT1TwzD6zV3WeJ39ukuqxcfK2fJCnhvrdN1X,1514
2022-2,KT198mqFKkiWerXLmMCw69YB1i6yzYtmGVrC,1826
2022-2,tz1LsAcLRzepbFiqSJdXKimJFu1zwJfxvg37,510
2022-2,KT1GTPNzErapBanojkBAVmmWdFVo2ajnEjHT,605
2022-2,KT1FFE2LC5JpVakVjHm5mM36QVp2p3ZzH4hH,591
2022-2,KT1BGboPWRaApv25kfd1NLkkRe2Ct6rUHGJs,959
2022-2,tz1Z7eWGw18LqUgRqmDqNZFQx7f8GEHXRfT8,514
2022-2,KT1K9gCRgaLRFKTErYt1wVxA3Frb9FjasjTV,764
2022-2,KT1WvzYHCNBvDSdwafTHv7nJ1dWmZ8GCYuuC,21037
2022-2,tz1gNjyzyT8L6WgNS4AdNMppsSFw76J4aDvT,854
2022-2,KT1BJ5udeRJy4JsZ7uwYYeZb6GtCGj2aVzpb,924
2022-2,KT1J6DMjbdDLJtfWm7Rnf2F9onbKw33qp3tv,587
2022-2,KT1SnUZLQ4gVrQeapUvp6GY9UKKb4gAZJ8D9,4915
2022-2,KT1Evxe1udtPDGWrkiRsEN3vMDdB6gNpkMPM,895
2022-2,KT1GBZmSxmnKJXGMdMLbugPfLyUPmuLSMwKS,1255
2022-2,KT1BqfEQFrfx3h2wWQo7gTM1SE6FpH1Y5pqK,567
2022-2,tz1hkzS6pnfnHv9KzX1nbtqXVqUkzcem8FJs,1058
2022-2,KT1Xo5B7PNBAeynZPmca4bRh6LQow4og1Zb9,4480
2022-2,tz1aAx4kKinngvm7RBEZsse31x45CmnzPRwV,583
2022-2,tz1SGrdsM2EDo7juLo1U3vg2FoMekpkpDJLX,1603
2022-2,KT1AFq5XorPduoYyWxs5gEyrFK6fVjJVbtCj,517
2022-2,KT1NVvPsNDChrLRH5K2cy6Sc9r1uuUwdiZQd,2360
2022-2,KT1BRhcRAdLia3XQT1mPSofHyrmYpRddgj3s,9049
2022-2,KT1X3zxdTzPB9DgVzA3ad6dgZe9JEamoaeRy,674
2022-2,KT1TR4qabnDU6aAUym6nauSGaRwJpoKU3efP,857
2022-2,KT18p94vjkkHYY3nPmernmgVR7HdZFzE7NAk,4599
2022-2,KT191reDVKrLxU9rjTSxg53wRqj6zh8pnHgr,5539
2022-2,KT1KRvNVubq64ttPbQarxec5XdS6ZQU4DVD2,2034
2022-2,KT1H1MqmUM4aK9i1833EBmYCCEfkbt6ZdSBc,650
2022-2,KT1QcZ81mxhYutPCA7WeVAd7Ko1etWJBuRqQ,1607
2022-2,tz1UbRzhYjQKTtWYvGUWcRtVT4fN3NESDVYT,780
2022-2,KT1KrTm6Aei9zp6UH7zYi5EUx23PAvcoK5B5,6418
2022-2,KT1Aq4wWmVanpQhq4TTfjZXB5AjFpx15iQMM,4242
2022-2,KT1P8n2qzJjwMPbHJfi4o8xu6Pe3gaU3u2A3,5711
2022-2,KT1NUrzs7tiT4VbNPqeTxgAFa4SXeV1f3xe9,852
2022-2,KT1TwzD6zV3WeJ39ukuqxcfK2fJCnhvrdN1X,1147
2022-2,KT1KnuE87q1EKjPozJ5sRAjQA24FPsP57CE3,610
2022-2,tz1e4N6UZzrjoxKbsJoLnxuBy6DfZu4voiTV,888
2022-2,KT193D4vozYnhGJQVtw7CoxxqphqUEEwK6Vb,640
2022-2,tz1MXjdb684ByEP5qUn5J7EMub7Sr8eBziDe,523
2022-2,KT1ViVwoVfGSCsDaxjwoovejm1aYSGz7s2TZ,527
2022-2,KT1TnTr6b2YxSx2xUQ8Vz3MoWy771ta66yGx,5265
2022-2,KT1M81KrJr6TxYLkZkVqcpSTNKGoya8XytWT,1443
2022-2,KT1LzyPS8rN375tC31WPAVHaQ4HyBvTSLwBu,575
2022-2,tz1Vs2z88hHRnFLss81M7dXHnbwhZNMDrSgD,663
2022-2,KT1G6Q2xNX6BBgXtzKEbu594zvxA8mWXXJ7d,547
2022-2,KT1CpMKxKFoHvS7zxSd2M6SHU8BD4gBmtw2N,4720
2022-2,KT1Hkg5qeNhfwpKW4fXvq7HGZB9z2EnmCCA9,6635
2022-2,KT18pVpRXKPY2c4U2yFEGSH3ZnhB2kL8kwXS,1891
2022-2,KT1Qm7MHmbdiBzoRs7xqBiqoRxw7T2cxTTJN,2424
2022-2,KT1LjmAdYQCLBjwv4S2oFkEzyHVkomAf5MrW,2046
2022-2,tz1SiPXX4MYGNJNDsRc7n8hkvUqFzg8xqF9m,7022
2022-2,tz1ZQqRYMAwswy3pHSrpCoAyFin9wvk9togY,941
2022-2,KT1K4EwTpbvYN9agJdjpyJm4ZZdhpUNKB3F6,709
2022-2,KT1PSUKkif8KZzSeWdPewWMkx61QBR8VuXsm,523
2022-2,KT1GyRAJNdizF1nojQz62uGYkx8WFRUJm9X5,6488
2022-2,KT1WvV2rPBQUFUqtCWmnnj8JX2gkmDtMBzQi,10316
2022-2,KT1Dn3sambs7KZGW88hH2obZeSzfmCmGvpFo,751
2022-2,KT1DH5CwksN8F2kLw1UF8i28WiNRQoKZha9e,647
2022-2,tz1bAjg8KhBjzRMuPbdLfC4EvETmdsuruynm,928
2022-2,KT1HbQepzV1nVGg8QVznG7z4RcHseD5kwqBn,17405
2022-2,KT1XCoGnfupWk7Sp8536EfrxcP73LmT68Nyr,6681
2022-2,KT1X1LgNkQShpF9nRLYw3Dgdy4qp38MX617z,726
2022-2,KT1R5dHqnpeKVFow9mErfN763RFfe51vmiB8,644
2022-2,KT1FvqJwEDWb1Gwc55Jd1jjTHRVWbYKUUpyq,13519
2022-2,KT1D9PA7tvuCe9XnDskd2F67XwdrT4ueqjGe,623
2022-2,KT1LN4LPSqTMS7Sd2CJw4bbDGRkMv2t68Fy9,510
2022-2,tz1bDXD6nNSrebqmAnnKKwnX1QdePSMCj4MX,900
2022-2,KT1PooRxUckYjnWVvn9CetZxC9YeG1kkFYW5,559
2022-2,KT1ErKVqEhG9jxXgUG2KGLW3bNM7zXHX8SDF,630
2022-2,KT1F1mn2jbqQCJcsNgYKVAQjvenecNMY2oPK,998
2022-2,KT1XRPEPXbZK25r3Htzp2o1x7xdMMmfocKNW,534
2022-2,KT1KEa8z6vWXDJrVqtMrAeDVzsvxat3kHaCE,4127
2022-2,tz1YUigABASqRUWAG97qHfHwYkYEGDk9q2Qv,1226
2022-2,tz1LnHsA2wpn7guf8b7xzX2i5zNKRQoRQVgJ,928
2022-2,KT1WGDVRnff4rmGzJUbdCRAJBmYt12BrPzdD,5230
2022-2,KT1RJ6PbjHpwc3M5rw5s2Nbmefwbuwbdxton,15553
2022-2,KT1EpGgjQs73QfFJs9z7m1Mxm5MTnpC2tqse,1057
2022-2,KT1PWsARJzTfYWithkr2NTmcc9pwsZFi9JC2,865
2022-2,KT1Ezht4PDKZri7aVppVGT4Jkw39sesaFnww,1522
2022-2,KT1My1wDZHDGweCrJnQJi3wcFaS67iksirvj,3540
2022-2,KT1XjcRq5MLAzMKQ3UHsrue2SeU2NbxUrzmU,2347
2022-2,KT18fp5rcTW7mbWDmzFwjLDUhs5MeJmagDSZ,835
2022-2,KT1TjnZYs5CGLbmV6yuW169P8Pnr9BiVwwjz,2724
2022-2,KT1GRSvLoikDsXujKgZPsGLX8k8VvR2Tq95b,1334
2022-2,KT1SjXiUX63QvdNMcM2m492f7kuf8JxXRLp4,553
2022-2,KT1U1GDQDE7C9DNfE9iSojsKfWf5zUXdSVde,827
2022-2,KT1L7GvUxZH5tfa6cgZKnH6vpp2uVxnFVHKu,905
2022-3,KT1XCoGnfupWk7Sp8536EfrxcP73LmT68Nyr,5829
2022-3,KT1X3zxdTzPB9DgVzA3ad6dgZe9JEamoaeRy,624
2022-3,KT1Dn3sambs7KZGW88hH2obZeSzfmCmGvpFo,735
2022-3,tz1SGrdsM2EDo7juLo1U3vg2FoMekpkpDJLX,1244
2022-3,tz1bAjg8KhBjzRMuPbdLfC4EvETmdsuruynm,1149
2022-3,KT1K9gCRgaLRFKTErYt1wVxA3Frb9FjasjTV,642
2022-3,KT1K4EwTpbvYN9agJdjpyJm4ZZdhpUNKB3F6,541
2022-3,KT1GRSvLoikDsXujKgZPsGLX8k8VvR2Tq95b,1211
2022-3,KT1R5dHqnpeKVFow9mErfN763RFfe51vmiB8,607
2022-3,tz1SiPXX4MYGNJNDsRc7n8hkvUqFzg8xqF9m,6218
2022-3,KT1LjmAdYQCLBjwv4S2oFkEzyHVkomAf5MrW,1346
2022-3,KT191reDVKrLxU9rjTSxg53wRqj6zh8pnHgr,2684
2022-3,KT1TR4qabnDU6aAUym6nauSGaRwJpoKU3efP,919
2022-3,tz1ZQqRYMAwswy3pHSrpCoAyFin9wvk9togY,888
2022-3,KT18pVpRXKPY2c4U2yFEGSH3ZnhB2kL8kwXS,1403
2022-3,KT1HqnXWLw3D9hWLw1TXQPbjhp7tCT2Q2FYU,510
2022-3,KT1BJ5udeRJy4JsZ7uwYYeZb6GtCGj2aVzpb,628
2022-3,KT1VFUkjYDh6QG8iLx5uKHPU3BWFMeYoVPTL,544
2022-3,KT1V82saFmmyJU1fY5GpbwydJ8793e1zZ5SG,1717
2022-3,KT1ErKVqEhG9jxXgUG2KGLW3bNM7zXHX8SDF,622
2022-3,KT1LN4LPSqTMS7Sd2CJw4bbDGRkMv2t68Fy9,511
2022-3,KT1BRhcRAdLia3XQT1mPSofHyrmYpRddgj3s,5837
2022-3,KT18p94vjkkHYY3nPmernmgVR7HdZFzE7NAk,4207
2022-3,KT1GyRAJNdizF1nojQz62uGYkx8WFRUJm9X5,3884
2022-3,KT1NVvPsNDChrLRH5K2cy6Sc9r1uuUwdiZQd,2413
2022-3,tz1Vs2z88hHRnFLss81M7dXHnbwhZNMDrSgD,758
2022-3,tz1e4N6UZzrjoxKbsJoLnxuBy6DfZu4voiTV,752
2022-3,KT1AWoUQAuUudqpc75cGukWufbfim3GRn8h6,867
2022-3,KT1TjnZYs5CGLbmV6yuW169P8Pnr9BiVwwjz,2803
2022-3,KT1BvWGFENd4CXW5F3u4n31xKfJhmBGipoqF,3088
2022-3,KT1WvV2rPBQUFUqtCWmnnj8JX2gkmDtMBzQi,1151
2022-3,KT1Ezht4PDKZri7aVppVGT4Jkw39sesaFnww,890
2022-3,KT18fp5rcTW7mbWDmzFwjLDUhs5MeJmagDSZ,727
2022-3,KT1MsktCnwfS1nGZmf8QbaTpZ8euVijWdmkC,691
2022-3,KT1FFE2LC5JpVakVjHm5mM36QVp2p3ZzH4hH,578
2022-3,KT1TRfhYaDJ6cjPEqabrUQSv5tuum8GT2REd,661
2022-3,KT1LzyPS8rN375tC31WPAVHaQ4HyBvTSLwBu,792
2022-3,KT1X1LgNkQShpF9nRLYw3Dgdy4qp38MX617z,532
2022-3,tz1hkzS6pnfnHv9KzX1nbtqXVqUkzcem8FJs,1157
2022-3,KT1HTDtMBRCKoNHjfWEEvXneGQpCfPAt6BRe,3338
2022-3,KT1KRvNVubq64ttPbQarxec5XdS6ZQU4DVD2,792
2022-3,KT1AjuZb9TZTastAzhbufGsYG7vVNADUFmue,737
2022-3,KT1Ha4yFVeyzw6KRAdkzq6TxDHB97KG4pZe8,793
2022-3,KT1HbQepzV1nVGg8QVznG7z4RcHseD5kwqBn,14242
2022-3,KT1Xo5B7PNBAeynZPmca4bRh6LQow4og1Zb9,4333
2022-3,KT1KEa8z6vWXDJrVqtMrAeDVzsvxat3kHaCE,3755
2022-3,KT1M81KrJr6TxYLkZkVqcpSTNKGoya8XytWT,1862
2022-3,KT1P8n2qzJjwMPbHJfi4o8xu6Pe3gaU3u2A3,2737
2022-3,KT1CzVSa18hndYupV9NcXy3Qj7p8YFDZKVQv,1526
2022-3,tz1LpP5zU73ivpXwHnKYBDRBL3F7aoNsaGWu,543
2022-3,KT198mqFKkiWerXLmMCw69YB1i6yzYtmGVrC,1700
2022-3,KT1WvzYHCNBvDSdwafTHv7nJ1dWmZ8GCYuuC,21725
2022-3,KT1My1wDZHDGweCrJnQJi3wcFaS67iksirvj,2549
2022-3,KT1EpGgjQs73QfFJs9z7m1Mxm5MTnpC2tqse,784
2022-3,tz1UbRzhYjQKTtWYvGUWcRtVT4fN3NESDVYT,887
2022-3,KT1AFq5XorPduoYyWxs5gEyrFK6fVjJVbtCj,730
2022-3,tz2FqBRA1yPQLo4JXfMCT1dFWbFpFE4Tq3bm,2934
2022-3,KT1PHubm9HtyQEJ4BBpMTVomq6mhbfNZ9z5w,3008
2022-3,KT1Aq4wWmVanpQhq4TTfjZXB5AjFpx15iQMM,3955
2022-3,KT1Cp18EbxDk2WcbC1YVUyGuwuvtzyujwu4U,513
2022-3,tz1Z7eWGw18LqUgRqmDqNZFQx7f8GEHXRfT8,507
2022-3,KT1TwzD6zV3WeJ39ukuqxcfK2fJCnhvrdN1X,1339
2022-3,KT1TnTr6b2YxSx2xUQ8Vz3MoWy771ta66yGx,2528
2022-3,KT193D4vozYnhGJQVtw7CoxxqphqUEEwK6Vb,775
2022-3,KT1WGDVRnff4rmGzJUbdCRAJBmYt12BrPzdD,1649
2022-3,KT1F1mn2jbqQCJcsNgYKVAQjvenecNMY2oPK,689
2022-3,KT1QcZ81mxhYutPCA7WeVAd7Ko1etWJBuRqQ,1514
2022-3,KT1GBZmSxmnKJXGMdMLbugPfLyUPmuLSMwKS,795
2022-3,KT1DF1P7vqWaPrGPP69ENE8atesqozEjiK43,733
2022-3,KT1L7GvUxZH5tfa6cgZKnH6vpp2uVxnFVHKu,569
2022-3,tz1dajiZLbcz3V6LCbcpqd9mJUrweuruLtHe,883
2022-3,tz1aAx4kKinngvm7RBEZsse31x45CmnzPRwV,522
2022-3,KT1XRPEPXbZK25r3Htzp2o1x7xdMMmfocKNW,603
2022-3,KT1AHBvSo828QwscsjDjeUuep7MgApi8hXqA,778
2022-3,KT1Hkg5qeNhfwpKW4fXvq7HGZB9z2EnmCCA9,5135
2022-3,KT1MxDwChiDwd6WBVs24g1NjERUoK622ZEFp,1874
2022-3,KT1SnUZLQ4gVrQeapUvp6GY9UKKb4gAZJ8D9,883
2022-3,tz1gNjyzyT8L6WgNS4AdNMppsSFw76J4aDvT,734
2022-3,KT1ViVwoVfGSCsDaxjwoovejm1aYSGz7s2TZ,536
2022-3,tz1LnHsA2wpn7guf8b7xzX2i5zNKRQoRQVgJ,1086
2022-3,KT1RJ6PbjHpwc3M5rw5s2Nbmefwbuwbdxton,12770
2022-3,KT1FvqJwEDWb1Gwc55Jd1jjTHRVWbYKUUpyq,4509
2022-3,KT1NoozaPXHKZHobxcheTWa1XLSTChUTgBg1,936
2022-3,tz1bDXD6nNSrebqmAnnKKwnX1QdePSMCj4MX,887
2022-3,KT1KrTm6Aei9zp6UH7zYi5EUx23PAvcoK5B5,550
2022-4,KT1Dn3sambs7KZGW88hH2obZeSzfmCmGvpFo,866
2022-4,KT1Cp18EbxDk2WcbC1YVUyGuwuvtzyujwu4U,615
2022-4,KT1GBZmSxmnKJXGMdMLbugPfLyUPmuLSMwKS,578
2022-4,tz1UbRzhYjQKTtWYvGUWcRtVT4fN3NESDVYT,542
2022-4,KT18pVpRXKPY2c4U2yFEGSH3ZnhB2kL8kwXS,1148
2022-4,KT1Xo5B7PNBAeynZPmca4bRh6LQow4og1Zb9,2270
2022-4,KT1M81KrJr6TxYLkZkVqcpSTNKGoya8XytWT,1025
2022-4,tz1hkzS6pnfnHv9KzX1nbtqXVqUkzcem8FJs,943
2022-4,KT1BJC12dG17CVvPKJ1VYaNnaT5mzfnUTwXv,5875
2022-4,tz1bDXD6nNSrebqmAnnKKwnX1QdePSMCj4MX,929
2022-4,KT198mqFKkiWerXLmMCw69YB1i6yzYtmGVrC,1100
2022-4,KT1X3zxdTzPB9DgVzA3ad6dgZe9JEamoaeRy,500
2022-4,KT1BRhcRAdLia3XQT1mPSofHyrmYpRddgj3s,1902
2022-4,KT1AFq5XorPduoYyWxs5gEyrFK6fVjJVbtCj,610
2022-4,tz1SiPXX4MYGNJNDsRc7n8hkvUqFzg8xqF9m,3825
2022-4,KT1FvqJwEDWb1Gwc55Jd1jjTHRVWbYKUUpyq,3182
2022-4,KT193D4vozYnhGJQVtw7CoxxqphqUEEwK6Vb,619
2022-4,KT18fp5rcTW7mbWDmzFwjLDUhs5MeJmagDSZ,566
2022-4,tz1NcoDFXMAfB26mpBhVrdSHmppyTeccT6Fi,535
2022-4,KT1NoozaPXHKZHobxcheTWa1XLSTChUTgBg1,687
2022-4,KT1PHubm9HtyQEJ4BBpMTVomq6mhbfNZ9z5w,6874
2022-4,KT1NVvPsNDChrLRH5K2cy6Sc9r1uuUwdiZQd,948
2022-4,KT1GyRAJNdizF1nojQz62uGYkx8WFRUJm9X5,3189
2022-4,tz1LnHsA2wpn7guf8b7xzX2i5zNKRQoRQVgJ,890
2022-4,KT1WvV2rPBQUFUqtCWmnnj8JX2gkmDtMBzQi,918
2022-4,KT1HbQepzV1nVGg8QVznG7z4RcHseD5kwqBn,8177
2022-4,KT191reDVKrLxU9rjTSxg53wRqj6zh8pnHgr,1530
2022-4,KT1Vnzk8NnfB32ZZ5K281kgh3EJo2z6SXew8,573
2022-4,KT1Ha4yFVeyzw6KRAdkzq6TxDHB97KG4pZe8,2268
2022-4,KT1TwzD6zV3WeJ39ukuqxcfK2fJCnhvrdN1X,943
2022-4,KT1WvzYHCNBvDSdwafTHv7nJ1dWmZ8GCYuuC,18740
2022-4,KT1XRPEPXbZK25r3Htzp2o1x7xdMMmfocKNW,519
2022-4,KT1CzVSa18hndYupV9NcXy3Qj7p8YFDZKVQv,1497
2022-4,KT1MsktCnwfS1nGZmf8QbaTpZ8euVijWdmkC,787
2022-4,KT1Ezht4PDKZri7aVppVGT4Jkw39sesaFnww,1257
2022-4,KT1TnTr6b2YxSx2xUQ8Vz3MoWy771ta66yGx,1342
2022-4,KT1BJ5udeRJy4JsZ7uwYYeZb6GtCGj2aVzpb,627
2022-4,KT18p94vjkkHYY3nPmernmgVR7HdZFzE7NAk,3375
2022-4,tz1SGrdsM2EDo7juLo1U3vg2FoMekpkpDJLX,6757
2022-4,KT1BvWGFENd4CXW5F3u4n31xKfJhmBGipoqF,1639
2022-4,KT1LjmAdYQCLBjwv4S2oFkEzyHVkomAf5MrW,999
2022-4,tz1Vs2z88hHRnFLss81M7dXHnbwhZNMDrSgD,533
2022-4,KT1GRSvLoikDsXujKgZPsGLX8k8VvR2Tq95b,952
2022-4,KT1GqCQqwzSDXBkCr8nFJ932JtcSugfVS2vL,646
2022-4,KT1TR4qabnDU6aAUym6nauSGaRwJpoKU3efP,567
2022-4,KT1RJ6PbjHpwc3M5rw5s2Nbmefwbuwbdxton,10639
2022-4,KT1GbyoDi7H1sfXmimXpptZJuCdHMh66WS9u,3669
2022-4,tz1e4N6UZzrjoxKbsJoLnxuBy6DfZu4voiTV,774
2022-4,KT1P8n2qzJjwMPbHJfi4o8xu6Pe3gaU3u2A3,1589
2022-4,KT1TjnZYs5CGLbmV6yuW169P8Pnr9BiVwwjz,2182
2022-4,KT1R5dHqnpeKVFow9mErfN763RFfe51vmiB8,617
2022-4,KT1FFE2LC5JpVakVjHm5mM36QVp2p3ZzH4hH,507
2022-4,KT1U6EHmNxJTkvaWJ4ThczG4FSDaHC21ssvi,2880
2022-4,KT1My1wDZHDGweCrJnQJi3wcFaS67iksirvj,1725
2022-4,KT1Aq4wWmVanpQhq4TTfjZXB5AjFpx15iQMM,4050
2022-4,KT1MxDwChiDwd6WBVs24g1NjERUoK622ZEFp,1013
2022-4,KT1Hkg5qeNhfwpKW4fXvq7HGZB9z2EnmCCA9,3961
2022-4,KT1F1mn2jbqQCJcsNgYKVAQjvenecNMY2oPK,635
2022-4,tz1gNjyzyT8L6WgNS4AdNMppsSFw76J4aDvT,620
2022-4,KT1ErKVqEhG9jxXgUG2KGLW3bNM7zXHX8SDF,607
2022-4,KT1K9gCRgaLRFKTErYt1wVxA3Frb9FjasjTV,573
2022-4,KT1WGDVRnff4rmGzJUbdCRAJBmYt12BrPzdD,1265
2022-4,KT1KEa8z6vWXDJrVqtMrAeDVzsvxat3kHaCE,2440
2022-4,KT1EpGgjQs73QfFJs9z7m1Mxm5MTnpC2tqse,532
2022-5,KT18fp5rcTW7mbWDmzFwjLDUhs5MeJmagDSZ,571
2022-5,KT1U6EHmNxJTkvaWJ4ThczG4FSDaHC21ssvi,6869
2022-5,KT1TjnZYs5CGLbmV6yuW169P8Pnr9BiVwwjz,1973
2022-5,KT1WGDVRnff4rmGzJUbdCRAJBmYt12BrPzdD,691
2022-5,KT1Q4wFeTFEctsoChzPX6ZSjfE2edZ134kmw,901
2022-5,tz1UbRzhYjQKTtWYvGUWcRtVT4fN3NESDVYT,557
2022-5,tz1SiPXX4MYGNJNDsRc7n8hkvUqFzg8xqF9m,5421
2022-5,KT1WX1sPzJDud5mJyq6LVN7ZuCqajtANYZJk,596
2022-5,KT1CzVSa18hndYupV9NcXy3Qj7p8YFDZKVQv,628
2022-5,KT191reDVKrLxU9rjTSxg53wRqj6zh8pnHgr,2194
2022-5,tz1bDXD6nNSrebqmAnnKKwnX1QdePSMCj4MX,833
2022-5,tz1Vs2z88hHRnFLss81M7dXHnbwhZNMDrSgD,504
2022-5,KT198mqFKkiWerXLmMCw69YB1i6yzYtmGVrC,949
2022-5,KT1WvzYHCNBvDSdwafTHv7nJ1dWmZ8GCYuuC,17348
2022-5,KT1BJC12dG17CVvPKJ1VYaNnaT5mzfnUTwXv,7301
2022-5,tz1bAjg8KhBjzRMuPbdLfC4EvETmdsuruynm,708
2022-5,tz1SGrdsM2EDo7juLo1U3vg2FoMekpkpDJLX,1388
2022-5,KT1BRhcRAdLia3XQT1mPSofHyrmYpRddgj3s,778
2022-5,KT1GBZmSxmnKJXGMdMLbugPfLyUPmuLSMwKS,560
2022-5,KT1My1wDZHDGweCrJnQJi3wcFaS67iksirvj,1189
2022-5,KT1MsktCnwfS1nGZmf8QbaTpZ8euVijWdmkC,588
2022-5,KT1Ezht4PDKZri7aVppVGT4Jkw39sesaFnww,1758
2022-5,KT1LjmAdYQCLBjwv4S2oFkEzyHVkomAf5MrW,927
2022-5,KT1K9gCRgaLRFKTErYt1wVxA3Frb9FjasjTV,559
2022-5,KT1FvqJwEDWb1Gwc55Jd1jjTHRVWbYKUUpyq,2756
2022-5,KT1WvV2rPBQUFUqtCWmnnj8JX2gkmDtMBzQi,573
2022-5,KT1Xo5B7PNBAeynZPmca4bRh6LQow4og1Zb9,2253
2022-5,KT1Rwz6GV7C3RU3nDRRmfLSxNXfG8saVJkqB,510
2022-5,KT1AFq5XorPduoYyWxs5gEyrFK6fVjJVbtCj,578
2022-5,KT1TnTr6b2YxSx2xUQ8Vz3MoWy771ta66yGx,1889
2022-5,KT1XRPEPXbZK25r3Htzp2o1x7xdMMmfocKNW,654
2022-5,KT1ErKVqEhG9jxXgUG2KGLW3bNM7zXHX8SDF,715
2022-5,KT1Ha4yFVeyzw6KRAdkzq6TxDHB97KG4pZe8,5335
2022-5,KT1HbQepzV1nVGg8QVznG7z4RcHseD5kwqBn,3876
2022-5,KT1TjHyHTnL4VMQQyD75pr3ZTemyPvQxRPpA,1011
2022-5,KT1RJ6PbjHpwc3M5rw5s2Nbmefwbuwbdxton,9811
2022-5,KT1Aq4wWmVanpQhq4TTfjZXB5AjFpx15iQMM,4504
2022-5,KT1FFE2LC5JpVakVjHm5mM36QVp2p3ZzH4hH,555
2022-5,KT1M81KrJr6TxYLkZkVqcpSTNKGoya8XytWT,539
2022-5,KT1NVvPsNDChrLRH5K2cy6Sc9r1uuUwdiZQd,790
2022-5,KT18pVpRXKPY2c4U2yFEGSH3ZnhB2kL8kwXS,997
2022-5,KT1CaPv67yRg5ordDzXWVydeM5EZa7TXS2fk,861
2022-5,KT1ViVwoVfGSCsDaxjwoovejm1aYSGz7s2TZ,922
2022-5,KT1R5dHqnpeKVFow9mErfN763RFfe51vmiB8,708
2022-5,tz1LnHsA2wpn7guf8b7xzX2i5zNKRQoRQVgJ,803
2022-5,KT1GyRAJNdizF1nojQz62uGYkx8WFRUJm9X5,2751
2022-5,tz1ZQqRYMAwswy3pHSrpCoAyFin9wvk9togY,1272
2022-5,KT1TwzD6zV3WeJ39ukuqxcfK2fJCnhvrdN1X,608
2022-5,KT18p94vjkkHYY3nPmernmgVR7HdZFzE7NAk,2917
2022-5,KT1NoozaPXHKZHobxcheTWa1XLSTChUTgBg1,1889
2022-5,KT1GbyoDi7H1sfXmimXpptZJuCdHMh66WS9u,5945
2022-5,KT1EF89rHUm71YoFqUTnc4DjiPUas9HyGWb1,3756
2022-5,KT1PHubm9HtyQEJ4BBpMTVomq6mhbfNZ9z5w,9172
2022-5,KT1Hkg5qeNhfwpKW4fXvq7HGZB9z2EnmCCA9,3418
2022-5,KT1P8n2qzJjwMPbHJfi4o8xu6Pe3gaU3u2A3,2300
2022-5,KT1GRSvLoikDsXujKgZPsGLX8k8VvR2Tq95b,1005
2022-5,tz1i6nDmYqhPXQEdtejRW2auVJB98rfJzkis,854
2022-5,KT1K4EwTpbvYN9agJdjpyJm4ZZdhpUNKB3F6,500
2022-5,KT1PSUKkif8KZzSeWdPewWMkx61QBR8VuXsm,514
2022-5,KT1Dn3sambs7KZGW88hH2obZeSzfmCmGvpFo,682
2022-5,tz1e4N6UZzrjoxKbsJoLnxuBy6DfZu4voiTV,684
2022-5,KT1KEa8z6vWXDJrVqtMrAeDVzsvxat3kHaCE,2886
2022-5,tz1hkzS6pnfnHv9KzX1nbtqXVqUkzcem8FJs,1069
2022-5,KT193D4vozYnhGJQVtw7CoxxqphqUEEwK6Vb,535
2022-6,KT1QSERFwHZcQfUf6ZruTSLMBfzitRs6ixmP,1066
2022-6,KT1LjmAdYQCLBjwv4S2oFkEzyHVkomAf5MrW,842
2022-6,KT1WvV2rPBQUFUqtCWmnnj8JX2gkmDtMBzQi,542
2022-6,KT18fp5rcTW7mbWDmzFwjLDUhs5MeJmagDSZ,748
2022-6,tz1LnHsA2wpn7guf8b7xzX2i5zNKRQoRQVgJ,850
2022-6,KT1HbQepzV1nVGg8QVznG7z4RcHseD5kwqBn,2430
2022-6,KT1Aq4wWmVanpQhq4TTfjZXB5AjFpx15iQMM,4705
2022-6,KT1ErKVqEhG9jxXgUG2KGLW3bNM7zXHX8SDF,864
2022-6,KT1NoozaPXHKZHobxcheTWa1XLSTChUTgBg1,1476
2022-6,KT1VNEzpf631BLsdPJjt2ZhgUitR392x6cSi,697
2022-6,KT193D4vozYnhGJQVtw7CoxxqphqUEEwK6Vb,814
2022-6,KT1FbYwEWU8BTfrvNoL5xDEC5owsDxv9nqKT,518
2022-6,KT191reDVKrLxU9rjTSxg53wRqj6zh8pnHgr,1677
2022-6,KT1QcZ81mxhYutPCA7WeVAd7Ko1etWJBuRqQ,1018
2022-6,KT1D8Q4HEMzoiBaGSVDdTTYMq9phz98WizVQ,587
2022-6,KT1U6EHmNxJTkvaWJ4ThczG4FSDaHC21ssvi,6383
2022-6,KT1Hkg5qeNhfwpKW4fXvq7HGZB9z2EnmCCA9,2472
2022-6,KT1BRhcRAdLia3XQT1mPSofHyrmYpRddgj3s,536
2022-6,KT1TnTr6b2YxSx2xUQ8Vz3MoWy771ta66yGx,1414
2022-6,KT1Xo5B7PNBAeynZPmca4bRh6LQow4og1Zb9,1200
2022-6,tz1SGrdsM2EDo7juLo1U3vg2FoMekpkpDJLX,1080
2022-6,KT1PfSzijPDq9DfuZrNjQcvdnz1WudP6D68e,587
2022-6,KT1EF89rHUm71YoFqUTnc4DjiPUas9HyGWb1,2449
2022-6,KT1TjHyHTnL4VMQQyD75pr3ZTemyPvQxRPpA,3722
2022-6,KT1KEa8z6vWXDJrVqtMrAeDVzsvxat3kHaCE,2016
2022-6,KT1W7hHwQeVkPN5yMSm1rPpmjwaHDPQMLMVa,549
2022-6,KT1XRPEPXbZK25r3Htzp2o1x7xdMMmfocKNW,748
2022-6,KT1RJ6PbjHpwc3M5rw5s2Nbmefwbuwbdxton,8538
2022-6,KT1NVvPsNDChrLRH5K2cy6Sc9r1uuUwdiZQd,2367
2022-6,KT1BMckrHK8bvQE4KSGfeeykJbX9SRKyK66v,501
2022-6,KT1CK9RnWZGnejBeT6gJfgvf4p7f1NwhP9wS,1123
2022-6,KT1Gxkok7KpNPanU9nGdwoYcwAQ8n2aTuV7M,904
2022-6,KT195oHs7H3KcQ5qbDRvwo6zo5hGtfQ9qCK7,521
2022-6,KT1TjnZYs5CGLbmV6yuW169P8Pnr9BiVwwjz,1960
2022-6,KT18pVpRXKPY2c4U2yFEGSH3ZnhB2kL8kwXS,770
2022-6,KT1P8n2qzJjwMPbHJfi4o8xu6Pe3gaU3u2A3,1732
2022-6,KT1GRSvLoikDsXujKgZPsGLX8k8VvR2Tq95b,951
2022-6,KT1PWx2mnDueood7fEmfbBDKx1D9BAnnXitn,561
2022-6,KT1ViVwoVfGSCsDaxjwoovejm1aYSGz7s2TZ,730
2022-6,KT1Ezht4PDKZri7aVppVGT4Jkw39sesaFnww,1847
2022-6,tz1e4N6UZzrjoxKbsJoLnxuBy6DfZu4voiTV,679
2022-6,KT1PHubm9HtyQEJ4BBpMTVomq6mhbfNZ9z5w,7872
2022-6,tz2WDATNYnp7FdsmuZDYSidioZqeoLNZqXvE,4222
2022-6,KT1Ha4yFVeyzw6KRAdkzq6TxDHB97KG4pZe8,5589
2022-6,KT1K9gCRgaLRFKTErYt1wVxA3Frb9FjasjTV,538
2022-6,KT1PSUKkif8KZzSeWdPewWMkx61QBR8VuXsm,508
2022-6,KT1GbyoDi7H1sfXmimXpptZJuCdHMh66WS9u,6713
2022-6,KT18p94vjkkHYY3nPmernmgVR7HdZFzE7NAk,2821
2022-6,tz1UbRzhYjQKTtWYvGUWcRtVT4fN3NESDVYT,572
2022-6,KT1FvqJwEDWb1Gwc55Jd1jjTHRVWbYKUUpyq,2407
2022-6,tz1bAjg8KhBjzRMuPbdLfC4EvETmdsuruynm,775
2022-6,KT1WvzYHCNBvDSdwafTHv7nJ1dWmZ8GCYuuC,17687
2022-6,KT198mqFKkiWerXLmMCw69YB1i6yzYtmGVrC,612
2022-6,KT1X3zxdTzPB9DgVzA3ad6dgZe9JEamoaeRy,610
2022-6,KT1GyRAJNdizF1nojQz62uGYkx8WFRUJm9X5,4084
2022-6,tz1Vs2z88hHRnFLss81M7dXHnbwhZNMDrSgD,608
2022-6,KT1J6NY5AU61GzUX51n59wwiZcGJ9DrNTwbK,1151
2022-6,tz1hkzS6pnfnHv9KzX1nbtqXVqUkzcem8FJs,866
2022-6,KT1SjXiUX63QvdNMcM2m492f7kuf8JxXRLp4,799
2022-6,KT1BJC12dG17CVvPKJ1VYaNnaT5mzfnUTwXv,8188
2022-6,KT1VoZeuBMJF6vxtLqEFMoc4no5VDG789D7z,1696
2022-6,KT1R5dHqnpeKVFow9mErfN763RFfe51vmiB8,562
2022-6,KT1My1wDZHDGweCrJnQJi3wcFaS67iksirvj,921
2022-7,KT1BJC12dG17CVvPKJ1VYaNnaT5mzfnUTwXv,7833
2022-7,tz1LnHsA2wpn7guf8b7xzX2i5zNKRQoRQVgJ,590
2022-7,KT1VoZeuBMJF6vxtLqEFMoc4no5VDG789D7z,812
2022-7,KT1X3zxdTzPB9DgVzA3ad6dgZe9JEamoaeRy,551
2022-7,tz1e4N6UZzrjoxKbsJoLnxuBy6DfZu4voiTV,537
2022-7,tz2WDATNYnp7FdsmuZDYSidioZqeoLNZqXvE,3942
2022-7,KT1KEa8z6vWXDJrVqtMrAeDVzsvxat3kHaCE,1691
2022-7,KT1KtdkMMpdRqmGTYobdCAz8oeNLvQe3viiH,1319
2022-7,KT1TnTr6b2YxSx2xUQ8Vz3MoWy771ta66yGx,1714
2022-7,tz1dPMpQ4zEgdngrPbwywAowzfbandTQ1dDK,2392
2022-7,KT18p94vjkkHYY3nPmernmgVR7HdZFzE7NAk,3629
2022-7,KT1ViVwoVfGSCsDaxjwoovejm1aYSGz7s2TZ,540
2022-7,KT1NVvPsNDChrLRH5K2cy6Sc9r1uuUwdiZQd,621
2022-7,KT1My1wDZHDGweCrJnQJi3wcFaS67iksirvj,955
2022-7,KT1TjnZYs5CGLbmV6yuW169P8Pnr9BiVwwjz,2392
2022-7,KT1Xo5B7PNBAeynZPmca4bRh6LQow4og1Zb9,808
2022-7,KT1Q2jUJnrvrrhi4gBpZVLm37nyCqaFNtK7X,829
2022-7,KT1WvzYHCNBvDSdwafTHv7nJ1dWmZ8GCYuuC,16930
2022-7,KT1RJ6PbjHpwc3M5rw5s2Nbmefwbuwbdxton,7757
2022-7,KT1GyRAJNdizF1nojQz62uGYkx8WFRUJm9X5,3124
2022-7,KT1J6NY5AU61GzUX51n59wwiZcGJ9DrNTwbK,586
2022-7,KT1FvqJwEDWb1Gwc55Jd1jjTHRVWbYKUUpyq,1927
2022-7,KT191reDVKrLxU9rjTSxg53wRqj6zh8pnHgr,1997
2022-7,KT1Aq4wWmVanpQhq4TTfjZXB5AjFpx15iQMM,6132
2022-7,KT1GbyoDi7H1sfXmimXpptZJuCdHMh66WS9u,5772
2022-7,KT1Ezht4PDKZri7aVppVGT4Jkw39sesaFnww,1630
2022-7,KT1EF89rHUm71YoFqUTnc4DjiPUas9HyGWb1,1446
2022-7,tz1bDXD6nNSrebqmAnnKKwnX1QdePSMCj4MX,591
2022-7,KT1P8n2qzJjwMPbHJfi4o8xu6Pe3gaU3u2A3,2046
2022-7,KT1GRSvLoikDsXujKgZPsGLX8k8VvR2Tq95b,678
2022-7,KT1U6EHmNxJTkvaWJ4ThczG4FSDaHC21ssvi,5196
2022-7,KT1ErKVqEhG9jxXgUG2KGLW3bNM7zXHX8SDF,698
2022-7,KT1LjmAdYQCLBjwv4S2oFkEzyHVkomAf5MrW,859
2022-7,KT1XRPEPXbZK25r3Htzp2o1x7xdMMmfocKNW,723
2022-7,tz1SGrdsM2EDo7juLo1U3vg2FoMekpkpDJLX,851
2022-7,KT1K9gCRgaLRFKTErYt1wVxA3Frb9FjasjTV,504
2022-7,tz1bAjg8KhBjzRMuPbdLfC4EvETmdsuruynm,779
2022-7,KT1Hkg5qeNhfwpKW4fXvq7HGZB9z2EnmCCA9,2273
2022-7,KT1PHubm9HtyQEJ4BBpMTVomq6mhbfNZ9z5w,6363
2022-7,KT1VNEzpf631BLsdPJjt2ZhgUitR392x6cSi,614
2022-7,KT193D4vozYnhGJQVtw7CoxxqphqUEEwK6Vb,742
2022-7,tz1Vs2z88hHRnFLss81M7dXHnbwhZNMDrSgD,716
2022-7,KT1Ha4yFVeyzw6KRAdkzq6TxDHB97KG4pZe8,2414
2022-7,KT1HbQepzV1nVGg8QVznG7z4RcHseD5kwqBn,1892
2022-7,KT1NoozaPXHKZHobxcheTWa1XLSTChUTgBg1,896
2022-8,KT1GRSvLoikDsXujKgZPsGLX8k8VvR2Tq95b,669
2022-8,tz1Vs2z88hHRnFLss81M7dXHnbwhZNMDrSgD,634
2022-8,KT1CAbPGHUWvkSA9bxMPkqSgabgsjtmRYEda,529
2022-8,KT1HnV6WJFLksLaLZRLck1TX4SbbcTXULX9t,525
2022-8,KT191reDVKrLxU9rjTSxg53wRqj6zh8pnHgr,1696
2022-8,tz1bAjg8KhBjzRMuPbdLfC4EvETmdsuruynm,825
2022-8,KT1WvV2rPBQUFUqtCWmnnj8JX2gkmDtMBzQi,523
2022-8,tz1SGrdsM2EDo7juLo1U3vg2FoMekpkpDJLX,704
2022-8,KT1K9gCRgaLRFKTErYt1wVxA3Frb9FjasjTV,645
2022-8,KT1U6EHmNxJTkvaWJ4ThczG4FSDaHC21ssvi,4471
2022-8,KT1X3zxdTzPB9DgVzA3ad6dgZe9JEamoaeRy,521
2022-8,KT1Hkg5qeNhfwpKW4fXvq7HGZB9z2EnmCCA9,2097
2022-8,KT1ErKVqEhG9jxXgUG2KGLW3bNM7zXHX8SDF,625
2022-8,tz2WDATNYnp7FdsmuZDYSidioZqeoLNZqXvE,3509
2022-8,KT1My1wDZHDGweCrJnQJi3wcFaS67iksirvj,546
2022-8,KT1P8n2qzJjwMPbHJfi4o8xu6Pe3gaU3u2A3,1739
2022-8,KT1XRPEPXbZK25r3Htzp2o1x7xdMMmfocKNW,718
2022-8,KT1BJC12dG17CVvPKJ1VYaNnaT5mzfnUTwXv,6715
2022-8,KT18p94vjkkHYY3nPmernmgVR7HdZFzE7NAk,3220
2022-8,KT1Ezht4PDKZri7aVppVGT4Jkw39sesaFnww,1298
2022-8,KT1RJ6PbjHpwc3M5rw5s2Nbmefwbuwbdxton,8304
2022-8,KT1GbyoDi7H1sfXmimXpptZJuCdHMh66WS9u,5307
2022-8,KT1LjmAdYQCLBjwv4S2oFkEzyHVkomAf5MrW,718
2022-8,KT1TjnZYs5CGLbmV6yuW169P8Pnr9BiVwwjz,2223
2022-8,KT1HbQepzV1nVGg8QVznG7z4RcHseD5kwqBn,1969
2022-8,KT1Xo5B7PNBAeynZPmca4bRh6LQow4og1Zb9,562
2022-8,KT1KEa8z6vWXDJrVqtMrAeDVzsvxat3kHaCE,1377
2022-8,KT18pVpRXKPY2c4U2yFEGSH3ZnhB2kL8kwXS,543
2022-8,KT1TnTr6b2YxSx2xUQ8Vz3MoWy771ta66yGx,1484
2022-8,tz1LnHsA2wpn7guf8b7xzX2i5zNKRQoRQVgJ,520
2022-8,KT1Ha4yFVeyzw6KRAdkzq6TxDHB97KG4pZe8,1247
2022-8,KT1VAEH1BujPVdgTdwDYda8x3LLmFU6PuK2T,1223
2022-8,KT1Aq4wWmVanpQhq4TTfjZXB5AjFpx15iQMM,6346
2022-8,KT1PHubm9HtyQEJ4BBpMTVomq6mhbfNZ9z5w,6830
2022-8,KT1GyRAJNdizF1nojQz62uGYkx8WFRUJm9X5,2655
2022-8,KT1EF89rHUm71YoFqUTnc4DjiPUas9HyGWb1,886
2022-8,KT1FvqJwEDWb1Gwc55Jd1jjTHRVWbYKUUpyq,1995
2022-8,KT1K4EwTpbvYN9agJdjpyJm4ZZdhpUNKB3F6,524
2022-8,KT1WvzYHCNBvDSdwafTHv7nJ1dWmZ8GCYuuC,18664
2022-8,KT193D4vozYnhGJQVtw7CoxxqphqUEEwK6Vb,681
2022-9,KT1RJ6PbjHpwc3M5rw5s2Nbmefwbuwbdxton,2474
2022-9,KT1TjnZYs5CGLbmV6yuW169P8Pnr9BiVwwjz,651
2022-9,KT1GyRAJNdizF1nojQz62uGYkx8WFRUJm9X5,529
2022-9,KT1WvzYHCNBvDSdwafTHv7nJ1dWmZ8GCYuuC,7670
2022-9,KT1Aq4wWmVanpQhq4TTfjZXB5AjFpx15iQMM,2379
2022-9,KT1GbyoDi7H1sfXmimXpptZJuCdHMh66WS9u,2079
2022-9,tz2WDATNYnp7FdsmuZDYSidioZqeoLNZqXvE,762
2022-9,KT1Hkg5qeNhfwpKW4fXvq7HGZB9z2EnmCCA9,597
2022-9,KT1BJC12dG17CVvPKJ1VYaNnaT5mzfnUTwXv,2558
2022-9,KT1U6EHmNxJTkvaWJ4ThczG4FSDaHC21ssvi,1589
2022-9,KT1PHubm9HtyQEJ4BBpMTVomq6mhbfNZ9z5w,2042
2022-9,KT18p94vjkkHYY3nPmernmgVR7HdZFzE7NAk,943